player_id,full_name,salary_2022_23,position,age,team,GP,GS,MP,FG,FGA,3P,3PA,2P,2PA,FT,FTA,ORB,DRB,TRB,AST,STL,BLK,TOV,PF,PTS
201939,Stephen Curry,48070014,PG,34,GSW,56,56,34.7,10,20.2,4.9,11.4,5.1,8.8,4.6,5,0.7,5.4,6.1,6.3,0.9,0.4,3.2,2.1,29.4
202322,John Wall,47345760,PG,32,LAC,34,3,22.2,4.1,9.9,1,3.2,3.1,6.7,2.3,3.3,0.4,2.3,2.7,5.2,0.8,0.4,2.4,1.7,11.4
201566,Russell Westbrook,47080179,PG,34,LAL/LAC,73,24,29.1,5.9,13.6,1.2,3.9,4.7,9.7,2.8,4.3,1.2,4.6,5.8,7.5,1,0.5,3.5,2.2,15.9
2544,LeBron James,44474988,PF,38,LAL,55,54,35.5,11.1,22.2,2.2,6.9,8.9,15.3,4.6,5.9,1.2,7.1,8.3,6.8,0.9,0.6,3.2,1.6,28.9
201142,Kevin Durant,44119845,PF,34,BRK/PHO,47,47,35.6,10.3,18.3,2,4.9,8.3,13.4,6.5,7.1,0.4,6.3,6.7,5,0.7,1.4,3.3,2.1,29.1
203078,Bradley Beal,43279250,SG,29,WAS,50,50,33.5,8.9,17.6,1.6,4.4,7.3,13.2,3.8,4.6,0.8,3.1,3.9,5.4,0.9,0.7,2.9,2.1,23.2
202695,Kawhi Leonard,42492492,SF,31,LAC,52,50,33.6,8.6,16.8,2,4.8,6.6,11.9,4.7,5.4,1.1,5.4,6.5,3.9,1.4,0.5,1.7,1.6,23.8
202331,Paul George,42492492,SF,32,LAC,56,56,34.6,8.2,17.9,2.8,7.6,5.4,10.3,4.6,5.3,0.8,5.3,6.1,5.1,1.5,0.4,3.1,2.8,23.8
203507,Giannis Antetokounmpo,42492492,PF,28,MIL,63,63,32.1,11.2,20.3,0.7,2.7,10.5,17.6,7.9,12.3,2.2,9.6,11.8,5.7,0.8,0.8,3.9,3.1,31.1
203081,Damian Lillard,42492492,PG,32,POR,58,58,36.3,9.6,20.7,4.2,11.3,5.4,9.4,8.8,9.6,0.8,4,4.8,7.3,0.9,0.3,3.3,1.9,32.2
202691,Klay Thompson,40600080,SF,32,GSW,69,69,33,7.9,18.1,4.4,10.6,3.6,7.6,1.7,1.9,0.6,3.6,4.1,2.4,0.7,0.4,1.8,1.9,21.9
202681,Kyrie Irving,38917057,PG-SG,30,BRK/DAL,60,60,37.4,9.9,20.1,3.1,8.3,6.8,11.8,4.1,4.6,1,4.1,5.1,5.5,1.1,0.8,2.1,2.8,27.1
203497,Rudy Gobert,38172414,C,30,MIN,70,70,30.7,5.1,7.8,0,0,5.1,7.8,3.1,4.9,3.3,8.3,11.6,1.2,0.8,1.4,1.7,3,13.4
203114,Khris Middleton,37984276,SF,31,MIL,33,19,24.3,5.4,12.3,1.5,4.9,3.8,7.4,2.8,3.1,0.8,3.4,4.2,4.9,0.7,0.2,2.2,2.1,15.1
203076,Anthony Davis,37980720,C,29,LAL,56,54,34,9.7,17.2,0.3,1.3,9.3,15.9,6.2,7.9,3.5,9.1,12.5,2.6,1.1,2,2.2,2.6,25.9
202710,Jimmy Butler,37653300,PF,33,MIA,64,64,33.4,7.5,13.9,0.6,1.6,6.9,12.3,7.4,8.7,2.2,3.7,5.9,5.3,1.8,0.3,1.6,1.3,22.9
202699,Tobias Harris,37633050,SF,30,PHI,74,74,32.9,5.7,11.4,1.7,4.4,4,7,1.5,1.7,0.9,4.8,5.7,2.5,0.9,0.5,1.2,2,14.7
202689,Kemba Walker,37281261,PG,32,DAL,9,1,16,2.7,6.3,0.8,3.1,1.9,3.2,1.9,2.3,0.3,1.4,1.8,2.1,0.2,0.2,0.4,1.2,8
1629027,Trae Young,37096500,PG,24,ATL,73,73,34.8,8.2,19,2.1,6.3,6.1,12.7,7.8,8.8,0.8,2.2,3,10.2,1.1,0.1,4.1,1.4,26.2
203897,Zach LaVine,37096500,SG,27,CHI,77,77,35.9,8.7,18,2.6,7.1,6.1,11,4.7,5.6,0.5,3.9,4.5,4.2,0.9,0.2,2.5,2.1,24.8
1627732,Ben Simmons,35448672,PG,26,BRK,42,33,26.3,3.2,5.6,0,0,3.2,5.5,0.6,1.4,1,5.3,6.3,6.1,1.3,0.6,2.3,3.3,6.9
1627783,Pascal Siakam,35448672,PF,28,TOR,71,71,37.4,8.9,18.5,1.3,4,7.6,14.5,5.2,6.7,1.8,6,7.8,5.8,0.9,0.5,2.4,3.2,24.2
1626167,Myles Turner,35096500,C,26,IND,62,62,29.4,6.5,11.8,1.5,4,5,7.8,3.5,4.5,1.4,6.1,7.5,1.4,0.6,2.3,1.7,3.5,18
201950,Jrue Holiday,34319520,PG,32,MIL,67,65,32.6,7.3,15.3,2.4,6.1,5,9.1,2.3,2.6,1.2,3.9,5.1,7.4,1.2,0.4,2.9,1.7,19.3
1626157,Karl-Anthony Towns,33833400,PF,27,MIN,29,29,33,7.3,14.8,2.1,5.7,5.2,9.1,4.1,4.7,1.7,6.5,8.1,4.8,0.7,0.6,3,3.8,20.8
1626164,Devin Booker,33833400,SG,26,PHO,53,53,34.6,9.9,20.1,2.1,6,7.8,14.2,5.8,6.8,0.9,3.7,4.5,5.5,1,0.3,2.7,3,27.8
203952,Andrew Wiggins,33616770,SF,27,GSW,37,37,32.2,6.8,14.3,2.4,6.1,4.4,8.2,1.2,1.9,1.6,3.4,5,2.3,1.2,0.8,1.3,2.9,17.1
203954,Joel Embiid,33616770,C,28,PHI,66,66,34.6,11,20.1,1,3,10,17.1,10,11.7,1.7,8.4,10.2,4.2,1,1.7,3.4,3.1,33.1
203468,CJ McCollum,33333333,SG,31,NOP,75,75,35.3,7.8,17.9,2.8,7.2,5,10.7,2.4,3.2,0.7,3.6,4.4,5.7,0.9,0.5,2.4,2,20.9
201935,James Harden,33000000,PG,33,PHI,58,58,36.8,6.4,14.5,2.8,7.2,3.6,7.3,5.4,6.2,0.7,5.4,6.1,10.7,1.2,0.5,3.4,1.9,21
1627750,Jamal Murray,31650600,PG,25,DEN,65,65,32.8,7.3,16,2.6,6.6,4.6,9.4,2.8,3.3,0.7,3.2,4,6.2,1,0.2,2.2,1.6,20
1627742,Brandon Ingram,31650600,SF,25,NOP,45,45,34.2,9,18.6,1.4,3.6,7.6,14.9,5.3,6,0.5,5,5.5,5.8,0.7,0.4,3.3,2.6,24.7
1626156,D'Angelo Russell,31377750,PG,26,LAL/MIN,71,71,32.5,6.3,13.4,2.7,6.9,3.5,6.5,2.5,3,0.5,2.5,3,6.2,1,0.4,2.6,2,17.8
1628378,Donovan Mitchell,30913750,SG,26,CLE,68,68,35.8,10,20.6,3.6,9.3,6.4,11.3,4.7,5.4,0.9,3.3,4.3,4.4,1.5,0.4,2.6,2.5,28.3
1628983,Shai Gilgeous-Alexander,30913750,PG,24,OKC,68,68,35.5,10.4,20.3,0.9,2.5,9.5,17.8,9.8,10.9,0.9,4,4.8,5.5,1.6,1,2.8,2.8,31.4
1629028,Deandre Ayton,30913750,C,24,PHO,67,67,30.4,7.8,13.2,0.1,0.4,7.7,12.9,2.3,3,2.6,7.4,10,1.7,0.6,0.8,1.8,2.8,18
201567,Kevin Love,30556968,PF,34,CLE/MIA,62,20,20,2.7,6.8,1.6,4.8,1.1,2.1,1.3,1.5,1,5.5,6.4,1.9,0.3,0.2,1.1,1.6,8.2
1628369,Jayson Tatum,30351780,SF,24,BOS,74,74,36.9,9.8,21.1,3.2,9.3,6.6,11.8,7.2,8.4,1.1,7.7,8.8,4.6,1.1,0.7,2.9,2.2,30.1
1628389,Bam Adebayo,30351780,C,25,MIA,75,75,34.6,8,14.9,0,0.2,8,14.7,4.3,5.4,2.5,6.7,9.2,3.2,1.2,0.8,2.5,2.8,20.4
1628368,De'Aaron Fox,30351780,PG,25,SAC,73,73,33.4,9.3,18.2,1.6,5,7.7,13.2,4.7,6,0.5,3.6,4.2,6.1,1.1,0.3,2.5,2.4,25
202330,Gordon Hayward,30075000,SF,32,CHO,50,50,31.5,5.5,11.6,1,3.2,4.5,8.4,2.6,3.2,0.7,3.6,4.3,4.1,0.8,0.2,2,1.4,14.7
1627759,Jaylen Brown,29776785,SF,26,BOS,67,67,35.9,10.1,20.6,2.4,7.3,7.7,13.4,3.9,5.1,1.2,5.7,6.9,3.5,1.1,0.4,2.9,2.6,26.6
101108,Chris Paul,28400000,PG,37,PHO,59,59,32,5,11.3,1.7,4.4,3.3,6.9,2.3,2.7,0.5,3.8,4.3,8.9,1.5,0.4,1.9,2.1,13.9
200768,Kyle Lowry,28333334,PG,36,MIA,55,44,31.2,3.6,8.8,1.9,5.6,1.6,3.2,2.1,2.5,0.8,3.3,4.1,5.1,1,0.4,1.9,2.6,11.2
1628973,Jalen Brunson,27733332,PG,26,NYK,68,68,35,8.6,17.6,2,4.7,6.7,12.8,4.8,5.8,0.6,3,3.5,6.2,0.9,0.2,2.1,2.2,24
201942,DeMar DeRozan,27300000,SF,33,CHI,74,74,36.2,8.9,17.6,0.6,1.9,8.3,15.7,6.2,7.1,0.5,4.2,4.6,5.1,1.1,0.5,2.1,2.5,24.5
201143,Al Horford,26500000,C,36,BOS,63,63,30.5,3.6,7.6,2.3,5.2,1.3,2.4,0.2,0.3,1.2,5,6.2,3,0.5,1,0.6,1.9,9.8
203110,Draymond Green,25806468,PF,32,GSW,73,73,31.5,3.4,6.5,0.5,1.8,2.9,4.7,1.1,1.5,0.9,6.3,7.2,6.8,1,0.8,2.8,3.1,8.5
203944,Julius Randle,23760000,PF,28,NYK,77,77,35.5,8.5,18.6,2.8,8.3,5.7,10.3,5.2,6.9,1.8,8.1,10,4.1,0.6,0.3,2.8,3,25.1
1628381,John Collins,23500000,PF,25,ATL,71,71,30,5.1,10,1,3.4,4.1,6.6,2,2.5,1.1,5.4,6.5,1.2,0.6,1,1.1,3.1,13.1
201144,Mike Conley,22680000,PG,35,MIN/UTA,67,66,30.3,3.9,9.1,2,5.2,1.9,3.9,2.1,2.5,0.5,2.2,2.7,6.7,1.1,0.2,1.5,2.1,11.9
1627763,Malcolm Brogdon,22600000,PG,30,BOS,67,0,26,5.3,10.9,2,4.4,3.3,6.5,2.4,2.7,0.6,3.6,4.2,3.7,0.7,0.3,1.5,1.6,14.9
1629014,Anfernee Simons,22321429,SG,23,POR,62,62,35,7.5,16.9,3.4,9.1,4.1,7.8,2.6,2.9,0.3,2.3,2.6,4.1,0.7,0.2,2.1,2.3,21.1
1626179,Terry Rozier,21486316,SG,28,CHO,63,63,35.3,7.8,18.9,2.6,8,5.2,10.8,2.8,3.5,0.8,3.3,4.1,5.1,1.2,0.3,2.1,1.9,21.1
1627832,Fred VanVleet,21250000,PG,28,TOR,69,69,36.7,6.3,16.1,3,8.8,3.3,7.3,3.7,4.1,0.4,3.6,4.1,7.2,1.8,0.6,2,2.8,19.3
1627741,Buddy Hield,21177750,SF,30,IND,80,73,31,5.9,13,3.6,8.5,2.3,4.5,1.3,1.6,0.8,4.2,5,2.8,1.2,0.3,1.7,2,16.8
1627734,Domantas Sabonis,21100000,C,26,SAC,79,79,34.6,7.3,11.9,0.4,1.1,6.9,10.8,4.1,5.5,3.2,9.1,12.3,7.3,0.8,0.5,2.9,3.5,19.1
203924,Jerami Grant,20955000,PF,28,POR,63,63,35.7,6.9,14.5,2.3,5.7,4.6,8.8,4.4,5.4,0.8,3.7,4.5,2.4,0.8,0.8,1.8,2.4,20.5
203932,Aaron Gordon,20690909,PF,27,DEN,68,68,30.2,6.3,11.2,0.9,2.5,5.4,8.6,2.8,4.6,2.4,4.1,6.6,3,0.8,0.8,1.4,1.9,16.3
1628969,Mikal Bridges,20100000,SF-SG,26,BRK/PHO,83,83,35.7,7.1,15.3,2,5.3,5.1,9.9,3.8,4.3,1,3.4,4.4,3.3,1.1,0.7,1.5,1.9,20.1
1628386,Jarrett Allen,20000000,C,24,CLE,68,68,32.6,5.9,9.2,0,0.1,5.9,9.1,2.4,3.3,3.3,6.5,9.8,1.7,0.8,1.2,1.4,2.3,14.3
201587,Nicolas Batum,19700319,PF,34,LAC,78,19,21.9,2.1,4.9,1.6,4.1,0.5,0.8,0.4,0.6,0.8,3,3.8,1.6,0.7,0.6,0.6,1.9,6.1
201569,Eric Gordon,19568360,SG,34,HOU/LAC,69,58,28.5,4.2,9.5,1.9,5.2,2.3,4.3,2.1,2.5,0.2,1.7,1.9,2.7,0.6,0.4,1.5,1.1,12.4
203915,Spencer Dinwiddie,19500000,SG-PG,29,BRK/DAL,79,79,34.5,5.8,13.3,2.3,6.2,3.5,7.1,3.4,4.2,0.4,3.1,3.4,6.5,0.8,0.3,1.8,2.4,17.3
1627747,Caris LeVert,18796296,SG,28,CLE,74,30,30.2,4.3,10,1.7,4.4,2.6,5.6,1.8,2.4,0.7,3.1,3.8,3.9,1,0.3,1.6,2.3,12.1
203925,Joe Harris,18642857,SF,31,BRK,74,33,20.6,2.7,5.9,1.9,4.5,0.8,1.4,0.2,0.4,0.3,1.9,2.2,1.4,0.5,0.2,0.6,1.9,7.6
203084,Harrison Barnes,18352273,PF,30,SAC,82,82,32.5,4.6,9.6,1.6,4.3,3,5.3,4.3,5,1.1,3.4,4.5,1.6,0.7,0.1,1,1.3,15
203991,Clint Capela,18206896,C,28,ATL,65,63,26.6,5.4,8.2,0,0,5.4,8.2,1.2,2,4,7.1,11,0.9,0.7,1.2,0.8,2.1,12
203095,Evan Fournier,18000000,SG,30,NYK,27,7,17,2.1,6.1,1.3,4.2,0.8,1.9,0.7,0.8,0.1,1.7,1.8,1.3,0.6,0.1,0.8,1.7,6.1
203500,Steven Adams,17926829,C,29,MEM,42,42,27,3.7,6.3,0,0,3.7,6.2,1.1,3.1,5.1,6.5,11.5,2.3,0.9,1.1,1.9,2.3,8.6
1628371,Jonathan Isaac,17400000,PF,25,ORL,11,0,11.3,2,4.8,0.5,1.4,1.5,3.5,0.5,0.8,1.4,2.6,4,0.5,1.3,0.4,0.4,0.5,5
1628384,O.G. Anunoby,17357143,SF,25,TOR,67,67,35.6,6.3,13.2,2.1,5.5,4.2,7.7,2.1,2.5,1.4,3.5,5,2,1.9,0.7,2,3,16.8
203935,Marcus Smart,17207142,PG,28,BOS,61,61,32.1,4.1,9.9,1.9,5.6,2.2,4.3,1.4,1.9,0.8,2.4,3.1,6.3,1.5,0.4,2.3,2.8,11.5
1628401,Derrick White,17142857,SG,28,BOS,82,70,28.3,4.3,9.2,1.8,4.8,2.5,4.5,2,2.3,0.6,2.9,3.6,3.9,0.7,0.9,1.2,2.2,12.4
1627749,Dejounte Murray,17071120,SG,26,ATL,74,74,36.4,8.3,17.8,1.8,5.2,6.5,12.6,2.1,2.6,0.7,4.5,5.3,6.1,1.5,0.3,2.2,1.4,20.5
1629011,Mitchell Robinson,17045454,C,24,NYK,59,58,27,3.2,4.7,0,0,3.2,4.7,1,2.1,4.5,4.9,9.4,0.9,0.9,1.8,0.7,2.7,7.4
1629130,Duncan Robinson,16902000,SF,28,MIA,42,1,16.5,2.1,5.6,1.5,4.6,0.6,1.1,0.7,0.8,0.2,1.5,1.6,1.1,0.3,0,0.7,1.8,6.4
1626181,Norman Powell,16758621,SG,29,LAC,60,8,26.1,5.7,11.8,1.9,4.8,3.8,7.1,3.8,4.6,0.4,2.5,2.9,1.8,0.8,0.3,1.7,2.1,17
1629012,Collin Sexton,16700000,PG,24,UTA,48,15,23.9,4.9,9.8,1,2.5,3.9,7.2,3.4,4.1,0.8,1.4,2.2,2.9,0.6,0.1,1.8,2.3,14.3
1628365,Markelle Fultz,16500000,PG,24,ORL,60,60,29.6,5.8,11.3,0.5,1.5,5.4,9.9,1.9,2.4,1.2,2.8,3.9,5.7,1.5,0.4,2.3,2.2,14
1628374,Lauri Markkanen,16475454,PF,25,UTA,66,66,34.4,8.7,17.3,3,7.7,5.6,9.6,5.3,6,2,6.7,8.6,1.9,0.6,0.6,1.9,2.1,25.6
202694,Marcus Morris Sr.,16372093,PF,33,LAC,65,65,28.1,4.2,9.9,1.7,4.7,2.5,5.2,1,1.3,0.4,3.5,4,1.8,0.6,0.3,0.9,2.1,11.2
1627736,Malik Beasley,15558035,SG,26,LAL/UTA,81,27,25.8,4.6,11.6,2.9,8.1,1.7,3.4,0.6,0.8,0.4,3.1,3.5,1.5,0.8,0.1,1.1,1.3,12.7
1629652,Luguentz Dort,15277778,SF,23,OKC,74,73,30.7,4.6,11.8,1.8,5.5,2.8,6.3,2.7,3.5,1.7,2.9,4.6,2.1,1,0.3,1.2,3.3,13.7
203115,Will Barton,15059712,SG,32,WAS/TOR,56,2,17.7,2.5,6.5,1.2,3.2,1.3,3.3,0.7,0.8,0.3,2.2,2.4,2,0.5,0.2,0.9,1,6.8
1626145,Tyus Jones,15000000,PG,26,MEM,80,22,24.3,3.9,8.9,1.5,4.1,2.4,4.8,1,1.3,0.4,2.2,2.5,5.2,1,0.1,0.9,0.4,10.3
201565,Derrick Rose,14520730,PG,34,NYK,27,0,12.5,2.3,5.9,0.7,2.3,1.6,3.6,0.4,0.4,0.3,1.2,1.5,1.7,0.3,0.2,0.8,0.7,5.6
1628989,Kevin Huerter,14508929,SG,24,SAC,75,75,29.4,5.6,11.5,2.7,6.8,2.9,4.7,1.3,1.7,0.6,2.8,3.3,2.9,1.1,0.3,1.3,2.4,15.2
1626174,Christian Wood,14317459,C,27,DAL,67,17,25.9,5.9,11.5,1.6,4.2,4.3,7.3,3.2,4.2,1.3,6,7.3,1.8,0.4,1.1,1.8,2.5,16.6
203484,Kentavious Caldwell-Pope,14004703,SG,29,DEN,76,76,31.3,3.8,8.3,1.8,4.2,2.1,4.1,1.4,1.6,0.5,2.3,2.7,2.4,1.5,0.5,1.1,1.9,10.8
201572,Brook Lopez,13906976,C,34,MIL,78,78,30.4,6.1,11.5,1.7,4.7,4.4,6.9,1.9,2.4,2,4.7,6.7,1.3,0.5,2.5,1.4,2.6,15.9
201976,Patrick Beverley,13801614,SG-PG,34,LAL/CHI,67,67,27.1,2.1,5.4,1.2,3.6,1,1.8,0.7,1,0.7,3,3.7,2.9,0.9,0.6,0.9,2.8,6.2
203926,Doug McDermott,13750000,SF,31,SAS,64,0,20.5,3.7,8.2,1.9,4.7,1.8,3.5,0.8,1.1,0.4,1.8,2.2,1.4,0.2,0.1,0.9,1.8,10.2
1628379,Luke Kennard,13745455,SG,26,LAC/MEM,59,14,22.3,3.2,6.5,2.3,4.6,0.9,1.9,0.6,0.7,0.3,2.4,2.7,1.5,0.5,0.1,0.8,1.4,9.3
1629627,Zion Williamson,13534817,PF,22,NOP,29,29,33,9.8,16.2,0.2,0.7,9.6,15.5,6.1,8.6,2,5,7,4.6,1.1,0.6,3.4,2.2,26
203903,Jordan Clarkson,13340000,SG,30,UTA,61,61,32.6,7.5,16.9,2.5,7.5,5,9.4,3.3,4,1.2,2.9,4,4.4,0.5,0.2,3,2,20.8
203914,Gary Harris,13000000,SG,28,ORL,48,42,24.7,2.9,6.4,2,4.5,0.9,1.9,0.6,0.6,0.4,1.6,2,1.2,0.9,0.3,0.6,1.9,8.3
1628398,Kyle Kuzma,13000000,PF,27,WAS,64,64,35,8,17.8,2.5,7.5,5.5,10.3,2.7,3.7,0.9,6.4,7.2,3.7,0.6,0.5,3,2.3,21.2
1628404,Josh Hart,12960000,SF,27,NYK/POR,76,52,32.3,3.6,6.8,0.8,2.2,2.8,4.7,1.7,2.3,1.9,5.9,7.8,3.8,1.2,0.3,1.5,2.6,9.8
1627827,Dorian Finney-Smith,12939848,PF,29,BRK/DAL,66,66,30.4,3,7.6,1.7,5.1,1.2,2.5,0.7,0.9,1.7,3.1,4.8,1.5,0.8,0.5,0.9,2.2,8.3
203482,Kelly Olynyk,12804878,C,31,UTA,68,68,28.6,4.1,8.2,1.4,3.5,2.7,4.7,2.9,3.4,1.2,5,6.2,3.7,0.9,0.5,2.5,3.4,12.5
1628449,Chris Boucher,12690000,PF,30,TOR,76,0,20,3.4,7,0.8,2.5,2.6,4.5,1.7,2.2,2.1,3.5,5.5,0.4,0.6,0.8,0.5,1.9,9.4
203496,Robert Covington,12307692,PF,32,LAC,48,0,16.2,2.1,4.8,1.1,2.8,1,1.9,0.6,0.8,0.6,2.8,3.5,1.2,0.8,0.7,0.7,1.8,6
1626196,Josh Richardson,12196094,SG,29,NOP/SAS,65,10,23.5,3.7,8.5,1.6,4.5,2,4,1.1,1.2,0.6,2.1,2.7,2.7,1.1,0.3,1.3,1.8,10.1
1629630,Ja Morant,12119440,PG,23,MEM,61,59,31.9,9.3,19.9,1.5,4.9,7.8,15,6.1,8.1,1,4.9,5.9,8.1,1.1,0.3,3.4,1.6,26.2
201980,Danny Green,11710528,SG,35,CLE/MEM,11,0,12.5,2,4.5,1.5,3.4,0.5,1.1,0.1,0.1,0.3,1,1.3,0.5,0.5,0.3,0.9,1.5,5.5
203082,Terrence Ross,11500000,SG,31,ORL/PHO,63,9,21.1,3.2,7.4,1.5,4.1,1.7,3.3,0.4,0.5,0.3,2.1,2.4,1.5,0.6,0.2,0.7,1.5,8.3
202704,Reggie Jackson,11457217,PG,32,DEN/LAC,68,40,24.4,3.9,9.4,1.4,4.2,2.5,5.2,1,1.1,0.4,1.8,2.1,3.4,0.7,0.1,1.7,1.7,10.2
1628415,Dillon Brooks,11400000,SF,27,MEM,73,73,30.3,5.4,13.6,2,6,3.4,7.6,1.6,2.1,0.6,2.7,3.3,2.6,0.9,0.2,1.4,3.3,14.3
1626158,Richaun Holmes,11215260,C,29,SAC,42,1,8.3,1.3,2.1,0.1,0.2,1.2,1.9,0.4,0.5,0.7,1.2,1.9,0.2,0.1,0.3,0.3,1.2,3.1
203939,Dwight Powell,11080125,C,31,DAL,76,64,19.2,2.6,3.5,0,0.1,2.6,3.5,1.5,2.2,2,2.2,4.1,0.9,0.6,0.3,0.9,2.8,6.7
1631094,Paolo Banchero,11055120,PF,20,ORL,72,72,33.8,6.7,15.6,1.2,4,5.5,11.6,5.5,7.4,1.2,5.7,6.9,3.7,0.8,0.5,2.8,2.2,20
1629628,RJ Barrett,10900634,SG,22,NYK,73,73,33.9,7,16.1,1.7,5.3,5.3,10.8,4,5.4,0.8,4.2,5,2.8,0.4,0.2,2.2,2.5,19.6
1626171,Bobby Portis,10843350,PF,27,MIL,70,22,26,5.7,11.5,1.4,3.7,4.3,7.8,1.4,1.8,2.2,7.4,9.6,1.5,0.4,0.2,1.2,1.6,14.1
201599,DeAndre Jordan,10733758,C,34,DEN,39,8,15,2.3,2.9,0,0,2.2,2.9,0.6,1.2,1.3,3.8,5.2,0.9,0.3,0.6,1.2,1.8,5.1
1630162,Anthony Edwards,10733400,SG,21,MIN,79,79,36,8.9,19.5,2.7,7.3,6.3,12.2,4,5.3,0.6,5.2,5.8,4.4,1.6,0.7,3.3,2.4,24.6
1629057,Robert Williams III,10714287,C,25,BOS,35,20,23.5,3.6,4.9,0,0,3.6,4.8,0.7,1.2,3,5.4,8.3,1.4,0.6,1.4,1,1.9,8
1630595,Cade Cunningham,10552800,PG,21,DET,12,12,33.3,7.8,18.7,1.4,5.1,6.3,13.6,3,3.6,1,5.2,6.2,6,0.8,0.6,3.3,2.8,19.9
1628964,Mo Bamba,10300000,C,24,LAL/ORL,49,7,15.7,2.4,4.9,1,2.5,1.4,2.4,0.8,1.3,1.2,3.4,4.6,0.9,0.3,0.9,0.6,2.1,6.6
1629659,Talen Horton-Tucker,10260000,SG,22,UTA,65,20,20.2,4,9.4,0.9,3.1,3.1,6.3,1.9,2.6,0.6,2.6,3.2,3.8,0.6,0.4,1.9,1.7,10.7
203109,Jae Crowder,10183800,PF,32,MIL,18,3,18.9,2.5,5.2,1.3,3.1,1.2,2.2,0.6,0.7,0.9,2.9,3.8,1.5,0.7,0.3,0.4,1.5,6.9
1627826,Ivica Zubac,10123457,C,25,LAC,76,76,28.6,4.3,6.8,0,0,4.3,6.7,2.2,3.1,3.1,6.8,9.9,1,0.4,1.3,1.5,2.9,10.8
203493,Reggie Bullock,10012800,SF,31,DAL,78,55,30.3,2.5,6,1.9,5.1,0.5,0.9,0.3,0.5,0.4,3.2,3.6,1.4,0.7,0.2,0.5,2.1,7.2
202692,Alec Burks,10012800,SG,31,DET,51,8,22,3.9,9,1.9,4.7,2,4.3,3,3.7,0.4,2.7,3.1,2.2,0.7,0.2,1.1,1.9,12.8
1629631,De'Andre Hunter,9835881,SF,25,ATL,67,67,31.7,5.7,12.3,1.5,4.3,4.2,8,2.6,3.1,0.7,3.6,4.2,1.4,0.5,0.3,1.2,3,15.4
1630164,James Wiseman,9603360,C,21,GSW/DET,45,22,19.3,4.2,7.5,0.1,0.4,4.1,7.1,1.5,2.2,1.6,4.3,5.9,0.7,0.2,0.6,1.1,2.4,10
1629013,Landry Shamet,9500000,SG,25,PHO,40,9,20.2,2.8,7.5,1.9,5,1,2.5,1.1,1.3,0.3,1.4,1.7,2.3,0.7,0.1,0.9,1.5,8.7
1628370,Malik Monk,9472219,SG,24,SAC,77,0,22.3,4.6,10.3,1.9,5.2,2.8,5.2,2.4,2.7,0.4,2.2,2.6,3.9,0.6,0.3,1.9,1.6,13.5
1630224,Jalen Green,9441840,SG,20,HOU,76,76,34.2,7.4,17.9,2.5,7.3,5,10.6,4.8,6.1,0.6,3.2,3.7,3.7,0.8,0.2,2.6,1.7,22.1
1627751,Jakob Poeltl,9398148,C,27,SAS/TOR,72,71,26.5,5.4,8.6,0,0,5.4,8.6,1.7,2.8,3.3,5.8,9.1,2.7,0.9,1.2,1.7,2.7,12.5
203457,Nerlens Noel,9391069,C,28,BRK/DET,17,4,11.5,0.8,2.1,0.1,0.1,0.7,2,0.5,0.7,0.6,2.1,2.7,0.6,0.9,0.6,0.8,1.9,2.1
1626220,Royce O'Neale,9200000,SF,29,BRK,76,53,31.7,3,7.8,2.1,5.5,0.9,2.3,0.7,0.9,0.7,4.3,5.1,3.7,0.9,0.6,1.5,3.1,8.8
1628420,Monte Morris,9125000,PG,27,WAS,62,61,27.3,4,8.3,1.3,3.3,2.7,5,1,1.2,0.4,3,3.4,5.3,0.7,0.2,1,1.2,10.3
203486,Mason Plumlee,9080417,C,32,LAC/CHO,79,60,26,4.2,6.1,0,0,4.2,6.1,2.5,4,2.9,6,8.9,3.1,0.6,0.6,1.5,2.7,10.8
1627936,Alex Caruso,9030000,PG,28,CHI,67,36,23.5,1.9,4.3,0.8,2.3,1.1,2,0.9,1.1,0.6,2.3,2.9,2.9,1.5,0.7,1.1,2.4,5.6
1628467,Maxi Kleber,9000000,PF,31,DAL,37,5,25.1,2.1,4.6,1.1,3,1,1.5,0.7,1,0.8,2.8,3.6,1.4,0.3,0.8,0.7,2.3,5.9
1628960,Grayson Allen,8925000,SG,27,MIL,72,70,27.4,3.4,7.7,2,5.1,1.4,2.7,1.6,1.8,0.8,2.4,3.3,2.3,0.9,0.2,1,1.6,10.4
1629636,Darius Garland,8920794,PG,23,CLE,69,69,35.5,7.6,16.4,2.4,6,5.1,10.4,4,4.7,0.4,2.3,2.7,7.8,1.2,0.1,2.9,2.1,21.6
1628392,Isaiah Hartenstein,8854879,C,24,NYK,82,8,19.8,2.1,4,0.1,0.5,2,3.5,0.6,0.9,2.5,4,6.5,1.2,0.6,0.8,0.8,2.6,5
203937,Kyle Anderson,8780488,PF,29,MIN,69,46,28.4,3.7,7.2,0.6,1.5,3,5.7,1.4,2,1,4.4,5.3,4.9,1.1,0.9,1.5,2.1,9.4
203506,Victor Oladipo,8750000,SG,30,MIA,42,2,26.3,3.8,9.6,1.7,5,2.1,4.5,1.4,1.9,0.4,2.7,3,3.5,1.4,0.3,2.1,2.4,10.7
1628464,Daniel Theis,8694369,C,30,IND,7,1,15.6,3,6.3,0.3,1.6,2.7,4.7,0.7,1.7,1,2.1,3.1,1.3,0.3,0.9,0.4,1,7
1630163,LaMelo Ball,8623920,PG,21,CHO,36,36,35.2,8.2,20,4,10.6,4.2,9.4,2.8,3.4,1.2,5.3,6.4,8.4,1.3,0.3,3.6,3.3,23.3
203552,Seth Curry,8496653,SG,32,BRK,61,7,19.9,3.4,7.4,1.5,3.8,1.9,3.6,0.8,0.9,0.2,1.4,1.6,1.6,0.6,0.1,0.8,1.6,9.2
1630596,Evan Mobley,8478720,PF,21,CLE,79,79,34.4,6.6,12,0.3,1.3,6.4,10.7,2.6,3.8,2.4,6.6,9,2.8,0.8,1.5,1.8,2.8,16.2
1627780,Gary Payton II,8300000,SG,30,GSW/POR,22,1,16.7,1.9,3.1,0.6,1.2,1.3,2,0.3,0.3,1.1,2,3.1,1.4,1,0.2,0.7,2,4.6
203473,Dewayne Dedmon,8283688,C,33,PHI/MIA,38,1,11.2,2,4,0.3,1,1.7,2.9,0.9,1.3,0.9,2.6,3.5,0.7,0.2,0.5,0.7,2,5.2
1629001,De'Anthony Melton,8250000,SG,24,PHI,77,58,27.9,3.6,8.5,2,5.2,1.6,3.2,0.9,1.1,0.9,3.2,4.1,2.6,1.6,0.5,1.3,2.5,10.1
203210,JaMychal Green,8200000,PF,32,GSW,57,1,14,2.4,4.4,0.7,1.9,1.6,2.5,0.9,1.2,1.3,2.3,3.6,0.9,0.4,0.4,0.9,1.8,6.4
1631099,Keegan Murray,8008440,SF,22,SAC,80,78,29.8,4.4,9.8,2.6,6.3,1.9,3.5,0.8,1,1.1,3.5,4.6,1.2,0.8,0.5,0.8,2,12.2
1626172,Kevon Looney,8000000,C,26,GSW,82,70,23.9,3,4.7,0,0,3,4.7,1.1,1.9,3.3,5.9,9.3,2.5,0.6,0.6,0.5,2.7,7
201152,Thaddeus Young,8000000,PF,34,TOR,54,9,14.7,2,3.7,0.1,0.6,1.9,3,0.3,0.5,1.3,1.8,3.1,1.4,1,0.1,0.8,1.6,4.4
1626153,Delon Wright,7804878,PG,30,WAS,50,14,24.4,2.8,5.8,0.8,2.4,1.9,3.4,1,1.2,1.2,2.4,3.6,3.9,1.8,0.3,0.9,1.2,7.4
1630172,Patrick Williams,7775400,PF,21,CHI,82,65,28.3,3.8,8.3,1.4,3.4,2.4,4.9,1.1,1.3,1,3,4,1.2,0.9,0.9,1.2,1.8,10.2
1630567,Scottie Barnes,7644600,SF,21,TOR,77,76,34.8,6,13.2,0.8,2.9,5.2,10.3,2.5,3.2,2.3,4.3,6.6,4.8,1.1,0.8,2,2.2,15.3
1626224,Cedi Osman,7426088,SF,27,CLE,77,2,20.1,3.1,6.9,1.5,4.1,1.6,2.8,1,1.4,0.3,2,2.3,1.5,0.5,0.1,0.7,1.6,8.7
1629632,Coby White,7413955,SG,22,CHI,74,2,23.4,3.6,8,1.7,4.6,1.8,3.4,0.8,0.9,0.2,2.6,2.9,2.8,0.7,0.1,1,1.6,9.7
1628380,Zach Collins,7350000,C,25,SAS,63,26,22.9,4.5,8.7,0.9,2.3,3.6,6.4,1.7,2.3,1.8,4.5,6.4,2.9,0.6,0.8,2,3.2,11.6
1631093,Jaden Ivey,7252200,SG,20,DET,74,73,31.1,5.5,13.3,1.6,4.7,3.9,8.6,3.6,4.8,1,2.9,3.9,5.2,0.8,0.2,3.2,3.3,16.3
1627752,Taurean Prince,7100000,PF,28,MIN,54,4,22.1,3.3,7,1.4,3.6,1.9,3.4,1.2,1.4,0.3,2.2,2.4,1.6,0.5,0.3,1.3,2.3,9.1
1630256,Jae'Sean Tate,7065217,SF,27,HOU,31,7,21.8,3.5,7.4,0.4,1.5,3.1,5.9,1.6,2.2,1.3,2.5,3.8,2.7,0.7,0.2,1.5,3.4,9.1
1630171,Isaac Okoro,7040880,SF,22,CLE,76,46,21.7,2.3,4.7,0.8,2.3,1.5,2.4,1,1.4,0.7,1.8,2.5,1.1,0.7,0.4,0.6,2.1,6.4
1628998,Cody Martin,7000000,SF,27,CHO,7,0,19.1,2,5.1,0.4,2,1.6,3.1,0.6,1,1.1,2.3,3.4,1.6,0.6,0.1,0.3,1.9,5
1630591,Jalen Suggs,6922320,SG,21,ORL,53,19,23.5,3.5,8.4,1.2,3.8,2.3,4.6,1.6,2.2,1,2,3,2.9,1.3,0.5,1.8,2.3,9.9
1629637,Jaxson Hayes,6803012,C,22,NOP,47,2,13,1.8,3.3,0.1,0.6,1.8,2.7,1.2,1.8,0.8,2,2.8,0.7,0.4,0.4,0.7,1.4,5
203920,Khem Birch,6667500,C,30,TOR,20,0,8.1,1,1.6,0.1,0.1,0.9,1.5,0.2,0.3,0.4,0.9,1.3,0.4,0.3,0.3,0.4,1.2,2.2
1631097,Bennedict Mathurin,6586800,SG,20,IND,78,17,28.5,5.3,12.2,1.3,4,4,8.2,4.8,5.8,1.1,3,4.1,1.5,0.6,0.2,1.9,2.1,16.7
1628971,Bruce Brown,6479000,SF,26,DEN,80,31,28.5,4.5,9.3,1.1,3.2,3.3,6.1,1.5,1.9,0.8,3.3,4.1,3.4,1.1,0.6,1.5,2.4,11.5
1628997,Caleb Martin,6479000,SF,27,MIA,71,49,29.3,3.6,7.7,1.2,3.3,2.4,4.4,1.3,1.6,1.2,3.6,4.8,1.6,1,0.4,1.1,2,9.6
204060,Joe Ingles,6479000,SF,35,MIL,46,0,22.7,2.3,5.4,1.8,4.4,0.5,1,0.4,0.5,0.3,2.5,2.8,3.3,0.7,0.1,1.2,1.6,6.9
1630168,Onyeka Okongwu,6395160,C,22,ATL,80,18,23.1,4,6.2,0.1,0.2,3.9,6.1,1.9,2.5,2.7,4.5,7.2,1,0.7,1.3,1,3.1,9.9
1630581,Josh Giddey,6287400,PF,20,OKC,76,76,31.1,7.1,14.7,1,3.1,6.1,11.6,1.4,1.9,1.9,5.9,7.9,6.2,0.8,0.4,2.8,1.9,16.6
1629060,Rui Hachimura,6263188,PF,24,LAL/WAS,63,9,23.3,4.5,9.3,0.8,2.5,3.7,6.7,1.4,1.9,0.8,3.7,4.5,0.9,0.3,0.4,0.8,1.1,11.2
200752,Rudy Gay,6184500,PF,36,UTA,56,0,14.6,1.9,5.1,0.6,2.3,1.4,2.8,0.8,0.9,0.6,2.3,2.9,1,0.3,0.3,0.7,1.2,5.2
1628975,Jevon Carter,6025000,PG,27,MIL,81,39,22.3,3,7,1.8,4.2,1.2,2.8,0.4,0.5,0.4,2.1,2.5,2.4,0.8,0.4,1,2,8
1631101,Shaedon Sharpe,6012960,SG,19,POR,80,15,22.2,3.8,8.1,1.3,3.5,2.6,4.6,0.9,1.3,0.8,2.2,3,1.2,0.5,0.3,1,1.7,9.9
1626166,Cameron Payne,6000000,PG,28,PHO,48,15,20.2,3.9,9.4,1.4,3.9,2.5,5.6,1,1.3,0.3,2,2.2,4.5,0.7,0.2,1.7,1.8,10.3
203200,Justin Holiday,5987975,SF,33,DAL/ATL,46,2,15.3,1.7,4.4,1,3.1,0.7,1.3,0.1,0.2,0.1,1.1,1.2,0.9,0.4,0.4,0.5,1.5,4.5
1629629,Cam Reddish,5954454,SF,23,NYK/POR,40,20,24.8,3.5,7.8,1.1,3.6,2.4,4.2,1.6,1.9,0.5,1.8,2.2,1.4,1,0.4,1.2,1.8,9.7
1629661,Cameron Johnson,5887899,PF,26,BRK/PHO,42,41,28.5,5.3,11.3,2.5,6.1,2.9,5.2,2.4,2.9,0.8,3.6,4.4,1.9,1.2,0.3,0.9,2,15.5
201937,Ricky Rubio,5853659,PG,32,CLE,33,2,17.2,1.8,5.4,0.6,2.5,1.2,2.9,0.8,1.1,0.3,1.8,2.1,3.5,0.8,0.2,0.9,1.5,5.2
1630165,Killian Hayes,5837760,PG,21,DET,76,56,28.3,4,10.7,1.1,3.8,3,7,1.2,1.5,0.4,2.5,2.9,6.2,1.4,0.4,2.3,2.9,10.3
1630228,Jonathan Kuminga,5739840,PF,20,GSW,67,16,20.8,3.9,7.4,0.8,2.2,3.1,5.2,1.3,2.1,1,2.4,3.4,1.9,0.6,0.5,1.4,2.3,9.9
1626192,Pat Connaughton,5728393,SF,30,MIL,61,33,23.7,2.7,6.9,1.8,5.3,0.9,1.6,0.4,0.7,0.8,3.8,4.6,1.3,0.6,0.2,0.5,1.1,7.6
1629639,Tyler Herro,5722116,SG,23,MIA,67,67,34.9,7.3,16.6,3,8,4.2,8.5,2.5,2.7,0.4,5,5.4,4.2,0.8,0.2,2.4,1.5,20.1
1629641,Romeo Langford,5634257,SG,23,SAS,43,21,19.6,2.8,6,0.4,1.4,2.4,4.6,0.9,1.3,1.3,1.3,2.7,1.2,0.6,0.3,0.7,1.6,6.9
1630700,Dyson Daniels,5508600,PG,19,NOP,59,11,17.7,1.5,3.5,0.5,1.5,1,2.1,0.4,0.7,0.6,2.6,3.2,2.3,0.7,0.2,1,1.7,3.8
201580,JaVale McGee,5461219,C,35,DAL,42,7,8.5,1.9,3,0,0.1,1.9,2.9,0.6,1,0.7,1.8,2.5,0.3,0.1,0.6,0.9,1.3,4.4
1629048,Goga Bitadze,5377520,C,23,ORL/IND,38,1,12,1.8,3.3,0.2,0.7,1.7,2.6,0.6,1.1,1.6,2,3.6,1,0.4,0.7,0.6,1.7,4.4
1630167,Obi Toppin,5348280,PF,24,NYK,67,5,15.7,2.8,6.3,1.3,3.7,1.5,2.6,0.6,0.7,0.4,2.4,2.8,1,0.3,0.2,0.6,1,7.4
1630532,Franz Wagner,5258280,SF,21,ORL,80,80,32.6,6.8,14,1.6,4.5,5.2,9.5,3.4,4,0.9,3.2,4.1,3.5,1,0.2,2.1,2.3,18.6
1629134,Kendrick Nunn,5250000,SG,27,LAL/WAS,70,2,13.8,2.7,6.4,1.1,3.2,1.6,3.2,0.5,0.6,0.2,1.3,1.6,1.3,0.4,0.1,0.9,0.9,7.1
1628977,Hamidou Diallo,5200000,SF,24,DET,56,0,17.8,3.8,6.7,0.1,0.4,3.8,6.3,1.6,2.6,1,2.4,3.5,1,0.9,0.3,1.3,2.2,9.3
202709,Cory Joseph,5155500,PG,31,DET,62,2,19.8,2.4,5.7,1.1,2.9,1.3,2.8,0.9,1.2,0.3,1.4,1.7,3.5,0.5,0.1,0.9,1.4,6.9
202066,Garrett Temple,5155500,SG,36,NOP,25,0,6.5,0.7,1.8,0.4,1,0.3,0.8,0.1,0.2,0.2,0.5,0.7,0.5,0.4,0.1,0.2,0.6,2
1628470,Torrey Craig,5121951,PF,32,PHO,79,60,24.7,2.9,6.3,1.3,3.2,1.6,3.1,0.4,0.6,1.8,3.6,5.4,1.5,0.6,0.8,0.9,2.3,7.4
1631110,Jeremy Sochan,5063520,PF,19,SAS,56,53,26,4.5,9.9,0.6,2.4,3.9,7.5,1.4,2.1,1.7,3.6,5.3,2.5,0.8,0.4,1.7,2.5,11
1629638,Nickeil Alexander-Walker,5009633,SG,24,MIN/UTA,59,3,15,2.2,5,1,2.7,1.2,2.3,0.7,1,0.3,1.5,1.7,1.8,0.5,0.4,0.9,1.5,6.2
1627788,Furkan Korkmaz,5000000,SG,25,PHI,37,0,9.5,1.3,3,0.5,1.2,0.8,1.8,0.7,1,0.2,1,1.1,0.6,0.3,0.1,0.6,0.5,3.8
1630166,Deni Avdija,4916160,SF,22,WAS,76,40,26.6,3.3,7.6,0.9,3.1,2.4,4.6,1.6,2.2,1,5.4,6.4,2.8,0.9,0.4,1.6,2.8,9.2
1630558,Davion Mitchell,4833600,PG,24,SAC,80,9,18.1,2.3,5,0.8,2.5,1.5,2.5,0.3,0.4,0.2,1.1,1.3,2.3,0.6,0.2,0.8,1.4,5.6
76526,Johnny Davis,4810320,SG,20,WAS,28,5,15.1,2.4,6.1,0.6,2.5,1.8,3.6,0.5,1,0.4,2,2.3,1,0.4,0.3,0.6,1.7,5.8
1631098,Johnny Davis,4810320,SG,20,WAS,28,5,15.1,2.4,6.1,0.6,2.5,1.8,3.6,0.5,1,0.4,2,2.3,1,0.4,0.3,0.6,1.7,5.8
1629660,Ty Jerome,4728948,SG,25,GSW,45,2,18.1,2.6,5.4,0.8,2,1.8,3.4,0.8,0.9,0.2,1.6,1.7,3,0.5,0.1,0.7,1.4,6.9
1630188,Jalen Smith,4670160,C,22,IND,68,31,18.8,3.6,7.5,0.8,2.8,2.8,4.7,1.5,2,1.9,3.9,5.8,1,0.3,0.9,1.1,2.3,9.4
1630533,Ziaire Williams,4591680,SF,21,MEM,37,4,15.2,2.3,5.3,0.7,2.6,1.6,2.7,0.5,0.6,0.4,1.7,2.1,0.9,0.4,0.2,1,1.6,5.7
1631172,Ousmane Dieng,4569840,PF,19,OKC,39,1,14.6,1.9,4.6,0.7,2.5,1.3,2.1,0.4,0.6,0.5,2.2,2.7,1.2,0.4,0.2,0.7,1.1,4.9
201145,Jeff Green,4500000,PF,36,DEN,56,4,19.5,2.9,5.9,0.5,1.9,2.3,4,1.6,2.1,0.7,1.9,2.6,1.2,0.3,0.3,0.8,1.8,7.8
1628978,Donte DiVincenzo,4500000,SG,26,GSW,72,36,26.3,3.3,7.5,2.1,5.3,1.2,2.3,0.8,1,1.1,3.4,4.5,3.5,1.3,0.1,1.6,1.8,9.4
1630170,Devin Vassell,4437000,SG,22,SAS,38,32,31,6.9,15.7,2.7,7,4.2,8.7,2.1,2.6,0.2,3.7,3.9,3.6,1.1,0.4,1.5,1.5,18.5
1629680,Matisse Thybulle,4379526,SF-SG,25,PHI/POR,71,28,16.9,1.5,3.6,0.8,2.1,0.8,1.5,0.3,0.4,0.6,1.4,2,0.7,1.2,0.5,0.3,1.6,4.1
1629020,Jarred Vanderbilt,4374000,PF,23,LAL/UTA,78,65,24.1,3.2,5.8,0.4,1.2,2.8,4.6,1.2,1.8,2.2,5.3,7.5,2.4,1.1,0.3,1.2,2.4,7.9
1630547,James Bouknight,4362240,SG,22,CHO,34,0,15.1,2,5.7,1,3.2,1.1,2.5,0.6,0.9,0.2,1.9,2.1,1.2,0.4,0.1,0.9,1.4,5.6
1629634,Brandon Clarke,4343919,PF,26,MEM,56,8,19.5,4.1,6.2,0,0.1,4.1,6.1,1.8,2.4,1.6,3.9,5.5,1.3,0.6,0.7,1,2.3,10
1631114,Jalen Williams,4341480,SG,21,OKC,75,62,30.3,5.5,10.6,1,2.7,4.5,7.9,2.1,2.5,1.1,3.4,4.5,3.3,1.4,0.5,1.6,2.5,14.1
1629684,Grant Williams,4306281,PF,24,BOS,79,23,25.9,2.7,6,1.5,3.7,1.3,2.3,1.2,1.5,1.1,3.5,4.6,1.7,0.5,0.4,1,2.4,8.1
1629647,Darius Bazley,4264628,C,22,OKC/PHO,43,1,14.3,1.9,4.3,0.5,1.2,1.5,3,0.9,1.6,0.8,2.4,3.2,0.9,0.5,0.8,0.6,1,5.2
1630169,Tyrese Haliburton,4215120,PG,22,IND,56,56,33.6,7.4,15,2.9,7.2,4.5,7.8,3.1,3.6,0.6,3.1,3.7,10.4,1.6,0.4,2.5,1.2,20.7
1629642,Nassir Little,4171548,SF,22,POR,54,4,18.1,2.5,5.6,1.1,2.9,1.4,2.7,0.6,0.9,0.5,2.1,2.6,0.9,0.4,0.4,0.7,1.2,6.6
1631105,Jalen Duren,4124280,C,19,DET,67,31,24.9,3.9,5.9,0,0,3.9,5.9,1.4,2.3,3.4,5.5,8.9,1.1,0.7,0.9,1.4,2.7,9.1
203476,Gorgui Dieng,4105236,C,33,SAS,31,1,11.5,1.5,3.8,0.7,2.4,0.8,1.4,0.3,0.4,0.9,2.6,3.5,1.7,0.1,0.5,1,1.8,3.9
1626159,Justise Winslow,4097561,PF,26,POR,29,11,26.8,2.8,6.8,0.5,1.6,2.3,5.3,0.7,1,1.7,3.3,5,3.4,1,0.4,1.5,3.1,6.8
1629685,Dylan Windler,4037277,SF,26,CLE,3,0,3.3,0.7,1,0.3,0.7,0.3,0.3,0,0,0,0,0,0.3,0.3,0,0.3,0,1.7
1626169,Stanley Johnson,4022164,SF,26,SAS,30,0,15.6,2.2,4.1,0.6,1.3,1.6,2.7,0.9,1.3,0.7,2.4,3.2,2.2,0.5,0.2,1.1,1.6,5.8
201588,George Hill,4000000,PG-SG,36,MIL/IND,46,1,18.1,1.7,3.6,0.7,2.1,1,1.5,0.9,1.2,0.3,1.5,1.8,2.4,0.6,0.1,0.7,1.2,5
1629056,Terence Davis,4000000,SG,25,SAC,64,5,13.1,2.4,5.7,1.4,3.8,1,1.9,0.5,0.7,0.3,1.9,2.2,1,0.7,0.2,0.8,1.6,6.7
1630537,Chris Duarte,3936960,SF,25,IND,46,12,19.5,2.7,7.2,1.2,3.8,1.5,3.5,1.3,1.6,0.4,2.1,2.5,1.4,0.5,0.2,0.9,1.4,7.9
203458,Alex Len,3918600,C,29,SAC,26,2,6.2,0.6,1.2,0,0.1,0.6,1.1,0.4,0.6,0.9,1.4,2.3,0.5,0.2,0.4,0.6,1.1,1.7
1630534,Ochai Agbaji,3918360,SG,22,UTA,59,22,20.5,2.8,6.5,1.4,3.9,1.4,2.7,0.9,1.2,0.7,1.3,2.1,1.1,0.3,0.3,0.7,1.7,7.9
1629673,Jordan Poole,3901399,PG,23,GSW,82,43,30,6.7,15.6,2.6,7.8,4.1,7.8,4.4,5.1,0.4,2.4,2.7,4.5,0.8,0.3,3.1,2.6,20.4
1629640,Keldon Johnson,3873024,SF,23,SAS,63,63,32.7,8,17.7,2.1,6.5,5.9,11.2,3.9,5.2,0.9,4.2,5,2.9,0.7,0.2,2.1,2,22
201949,James Johnson,3841067,PF,35,IND,18,1,9,1.2,2.7,0.2,0.8,1.1,1.9,0.2,0.4,0.2,1.4,1.7,0.8,0.4,0.3,0.4,1.8,2.8
1630174,Aaron Nesmith,3804360,SF,23,IND,73,60,24.9,3.5,8.1,1.6,4.3,1.9,3.8,1.6,1.9,0.8,2.9,3.8,1.3,0.8,0.5,1,3.2,10.1
1630541,Moses Moody,3740160,SG,20,GSW,63,3,13,1.7,3.6,0.8,2.1,0.9,1.5,0.6,0.8,0.4,1.2,1.7,0.8,0.3,0.1,0.5,0.9,4.8
1631109,Mark Williams,3722040,C,21,CHO,43,17,19.3,3.7,5.8,0,0,3.7,5.8,1.6,2.3,2.2,4.9,7.1,0.4,0.7,1,0.9,2.2,9
1630175,Cole Anthony,3613680,PG,22,ORL,60,4,25.9,4.6,10.2,1.3,3.4,3.4,6.7,2.5,2.8,0.8,4,4.8,3.9,0.6,0.5,1.5,2.6,13
1630557,Corey Kispert,3552840,SF,23,WAS,74,45,28.3,3.9,7.9,2.2,5.2,1.7,2.7,1,1.2,0.4,2.4,2.8,1.2,0.4,0.1,0.7,1.3,11.1
1631100,AJ Griffin,3536160,SF,19,ATL,72,12,19.5,3.4,7.4,1.4,3.6,2,3.8,0.6,0.7,0.5,1.6,2.1,1,0.6,0.2,0.6,1.2,8.9
203488,Mike Muscala,3500000,C,31,BOS/OKC,63,9,15,2.1,4.6,1.3,3.3,0.8,1.3,0.6,0.8,0.6,2.6,3.2,0.8,0.2,0.4,0.4,1.6,6.1
1627777,Georges Niang,3465000,PF,29,PHI,78,1,19.4,2.8,6.4,2,4.9,0.9,1.5,0.5,0.6,0.2,2.1,2.4,1,0.4,0.2,0.7,1.9,8.2
1630191,Isaiah Stewart,3433320,C,21,DET,50,47,28.3,3.9,8.8,1.3,4.1,2.6,4.7,2.2,3,2.3,5.8,8.1,1.4,0.4,0.7,1.4,2.7,11.3
1629643,Chuma Okeke,3433320,SF,24,ORL,27,8,19.2,1.6,4.5,1,3.2,0.6,1.3,0.6,0.8,1,2.6,3.6,1.4,0.7,0.4,0.6,1.5,4.7
1629599,Amir Coffey,3395062,SF,25,LAC,50,9,12.5,1.1,2.9,0.2,0.8,0.9,2.1,1,1.3,0.3,0.7,1.1,1.1,0.1,0.1,0.4,1,3.4
1631106,Tari Eason,3359160,PF,21,HOU,82,5,21.5,3.6,8,0.7,2.1,2.9,6,1.3,1.8,2.4,3.7,6,1.1,1.2,0.6,1.2,2.3,9.3
1630197,Aleksej Pokusevski,3261480,PF,21,OKC,34,25,20.6,3.2,7.3,1.1,3.1,2.1,4.3,0.6,1,1.3,3.4,4.7,1.9,0.6,1.3,1.3,1.7,8.1
1631323,Simone Fontecchio,3205128,SF,27,UTA,52,6,14.7,2.2,6,1.2,3.7,1,2.3,0.7,0.8,0.6,1.1,1.7,0.8,0.3,0.2,0.8,1.2,6.3
203083,Andre Drummond,3200000,C,29,CHI,67,0,12.7,2.5,4.1,0,0,2.5,4,1,1.9,2.1,4.6,6.6,0.5,0.7,0.4,1.1,1.7,6
1631207,Dalen Terry,3191400,SG,20,CHI,38,0,5.6,0.8,1.9,0.2,0.7,0.7,1.2,0.4,0.6,0.3,0.7,1,0.6,0.3,0.1,0.2,0.6,2.2
1628425,Sterling Brown,3122602,SF,27,LAL,4,0,6,0,1,0,0.5,0,0.5,0,0,0.8,1.3,2,0.5,0.8,0,0,1,0
1630182,Josh Green,3098400,SG,22,DAL,60,21,25.7,3.4,6.4,1.1,2.8,2.3,3.6,1.1,1.6,0.9,2.1,3,1.7,0.7,0.1,1.2,2.6,9.1
1631222,Jake LaRavia,3047640,PF,21,MEM,35,0,11.8,1.1,2.7,0.7,2,0.4,0.7,0.2,0.3,0.5,1.3,1.8,0.6,0.3,0.1,0.5,1.4,3
1630544,Tre Mann,3046200,PG,21,OKC,67,5,17.7,2.9,7.5,1.2,3.8,1.7,3.6,0.6,0.8,0.4,1.9,2.3,1.8,0.6,0.2,0.9,1.5,7.7
1628995,Kevin Knox II,3000000,SF-PF,23,DET/POR,63,5,15.1,2.4,5.3,1,3,1.4,2.3,0.7,1,0.5,2.3,2.8,0.5,0.4,0.2,0.8,1.5,6.6
1630180,Saddiq Bey,2959080,SF,23,DET/ATL,77,37,27.6,4.6,10.9,2,5.4,2.6,5.4,2.7,3.1,1.3,3.4,4.7,1.5,0.9,0.2,0.9,1.6,13.8
1631103,Malaki Branham,2925600,SG,19,SAS,66,32,23.5,4.1,9.3,1.2,3.9,2.9,5.4,0.9,1.1,0.4,2.3,2.7,1.9,0.5,0.1,1.2,1.7,10.2
1630580,Joe Wieskamp,2909261,SF,23,TOR,9,0,5.6,0.3,1.6,0.3,1.3,0,0.2,0,0,0,0.4,0.4,0.3,0,0,0.1,0.3,1
1630539,Kai Jones,2909040,C,22,CHO,46,0,12,1.5,2.6,0.1,0.4,1.4,2.2,0.4,0.6,0.8,1.9,2.7,0.3,0.4,0.7,0.7,1.4,3.4
201933,Blake Griffin,2905851,C,33,BOS,41,16,13.9,1.5,3.2,0.6,1.6,1,1.6,0.5,0.8,1.1,2.6,3.8,1.5,0.3,0.2,0.5,1.8,4.1
201577,Robin Lopez,2905851,C,34,CLE,37,2,8.1,1.3,2,0.1,0.1,1.2,1.9,0.4,0.5,0.6,0.8,1.4,0.5,0.1,0.2,0.7,1.2,3
202693,Markieff Morris,2905851,PF,33,BRK/DAL,35,2,10.1,1.3,3.3,0.8,2,0.5,1.3,0.3,0.3,0.4,1.7,2,0.9,0.3,0.1,0.5,1.4,3.8
2738,Andre Iguodala,2905851,PF,39,GSW,8,0,14.1,0.9,1.9,0.1,1.1,0.8,0.8,0.3,0.4,0.4,1.8,2.1,2.4,0.5,0.4,1.1,1.4,2.1
201586,Serge Ibaka,2905851,C,33,MIL,16,0,11.6,1.6,3.4,0.4,1.1,1.3,2.3,0.5,0.8,0.9,1.8,2.8,0.3,0.1,0.4,0.7,1.4,4.1
2617,Udonis Haslem,2905851,C,42,MIA,7,1,10.1,1.4,4.1,0.4,1.3,1,2.9,0.6,0.7,0.6,1,1.6,0,0.1,0.3,0.1,1.6,3.9
202083,Wesley Matthews,2905851,SF,36,MIL,52,0,15.8,1.1,3.1,0.8,2.4,0.4,0.7,0.5,0.5,0.7,1.5,2.2,0.7,0.4,0.3,0.3,1.4,3.4
203085,Austin Rivers,2905851,SG,30,MIN,52,10,19.5,1.8,4,0.8,2.4,0.9,1.7,0.6,0.8,0.1,1.5,1.6,1.4,0.5,0.1,0.4,1.5,4.9
202687,Bismack Biyombo,2905851,C,30,PHO,61,14,14.3,2,3.4,0,0,2,3.4,0.4,1.1,1.5,2.8,4.3,0.9,0.3,1.4,0.8,1.9,4.3
201959,Taj Gibson,2905851,C,37,WAS,49,2,9.8,1.3,2.6,0.2,0.5,1.2,2.1,0.6,0.9,0.7,1.2,1.9,0.7,0.3,0.2,0.5,1.7,3.4
1630173,Precious Achiuwa,2840160,C,23,TOR,55,12,20.7,3.6,7.3,0.5,2,3,5.4,1.6,2.3,1.8,4.1,6,0.9,0.6,0.5,1.1,1.9,9.2
1631128,Christian Braun,2808600,SG,21,DEN,76,6,15.5,1.9,3.8,0.4,1.3,1.4,2.5,0.5,0.8,0.6,1.8,2.4,0.8,0.5,0.2,0.5,1.3,4.7
1629670,Jordan Nwora,2800000,SF,24,MIL/IND,62,14,19.2,3.1,7.2,1.4,3.4,1.7,3.8,1.1,1.4,0.8,2.9,3.7,1.4,0.4,0.2,1.1,1.2,8.7
1630552,Jalen Johnson,2792640,SF,21,ATL,70,6,14.9,2.3,4.6,0.4,1.5,1.8,3.1,0.7,1.1,0.7,3.3,4,1.2,0.5,0.5,0.6,1.6,5.6
1630178,Tyrese Maxey,2726880,SG,22,PHI,60,41,33.6,7.3,15.2,2.7,6.2,4.7,9.1,3,3.6,0.4,2.6,2.9,3.5,0.8,0.1,1.3,2.2,20.3
1628981,Bruno Fernando,2717391,C,24,HOU/ATL,39,4,10.4,1.5,2.9,0,0.1,1.5,2.8,0.9,1.3,1.4,2.1,3.5,0.8,0.2,0.9,0.6,1.9,3.9
1631117,Walker Kessler,2696400,C,21,UTA,74,40,23,4,5.6,0,0,4,5.6,1.1,2.1,3.1,5.3,8.4,0.9,0.4,2.3,0.8,2.3,9.2
1630553,Keon Johnson,2681040,SG,20,POR,40,0,10.4,1.7,4.5,0.7,2,1,2.4,0.7,1,0.3,0.8,1.1,1.5,0.5,0.2,1.1,1.1,4.7
1629646,Charles Bassey,2674742,C,22,SAS,35,2,14.5,2.5,3.9,0.1,0.2,2.4,3.6,0.6,1.1,2.1,3.4,5.5,1.3,0.5,0.9,1.2,2.1,5.7
203521,Matthew Dellavedova,2628597,PG,32,SAC,32,0,6.7,0.5,1.6,0.3,0.8,0.3,0.7,0.1,0.2,0,0.4,0.4,1.3,0.2,0,0.3,0.6,1.5
1626168,Trey Lyles,2625000,PF,27,SAC,74,0,16.9,2.5,5.5,1.2,3.2,1.4,2.3,1.4,1.7,0.9,3.1,4.1,0.9,0.4,0.4,0.9,1.3,7.6
1630192,Zeke Nnaji,2617800,PF,22,DEN,53,5,13.7,2.1,3.7,0.3,1.2,1.8,2.5,0.8,1.2,1.2,1.4,2.6,0.3,0.3,0.4,0.6,2,5.2
1631223,David Roddy,2588640,PF,21,MEM,70,4,18,2.6,6,0.9,3,1.6,3,0.6,0.9,0.7,2,2.8,0.8,0.4,0.3,0.8,1.5,6.7
1630543,Isaiah Jackson,2573760,C,21,IND,63,12,16.5,2.8,5,0,0.2,2.8,4.8,1.5,2.3,1.8,2.7,4.5,0.8,0.5,1.5,0.8,2.4,7.2
1630699,MarJon Beauchamp,2485200,SF,22,MIL,52,11,13.5,1.8,4.7,0.9,2.7,0.9,1.9,0.5,0.7,0.7,1.5,2.2,0.7,0.4,0.1,0.9,1.4,5.1
1630586,Usman Garuba,2471160,C,20,HOU,75,1,12.9,1.1,2.4,0.3,0.8,0.8,1.6,0.4,0.6,1.6,2.5,4.1,0.9,0.6,0.4,0.6,1.8,3
203526,Raul Neto,2463490,PG,30,CLE,48,1,10.5,1.2,2.3,0.3,0.9,0.9,1.4,0.6,0.7,0.2,0.8,1,1.6,0.4,0.1,0.5,1,3.3
1626163,Frank Kaminsky,2463490,C,29,HOU/ATL,36,0,6.5,0.9,1.8,0.4,0.9,0.5,0.8,0.4,0.4,0.2,1.3,1.4,0.9,0.2,0.1,0.3,0.6,2.5
1626149,Montrezl Harrell,2463490,C,29,PHI,57,7,11.9,2.2,3.7,0,0.1,2.2,3.6,1.2,1.8,1.2,1.6,2.8,0.6,0.3,0.4,0.6,1.3,5.6
1631104,Blake Wesley,2385480,SG,19,SAS,37,1,18.1,1.9,5.8,0.5,1.4,1.3,4.4,0.7,1.2,0.3,1.9,2.2,2.7,0.7,0.1,1.8,1.8,5
1630528,Josh Christopher,2372160,SG,21,HOU,64,2,12.3,2.4,5.1,0.3,1.4,2.1,3.8,0.7,0.9,0.3,0.8,1.1,1.1,0.5,0.2,0.9,0.9,5.8
1629676,Isaiah Roby,2330681,PF,24,SAS,42,2,11.3,1.6,3.7,0.4,1.4,1.2,2.3,0.5,1,0.5,2,2.5,0.9,0.4,0.2,0.7,1.3,4.1
1630322,Lindy Waters III,2316876,SG,25,OKC,41,0,13,1.7,4.3,1.4,4,0.3,0.4,0.4,0.5,0.4,1.4,1.8,0.7,0.3,0.3,0.2,1,5.2
1630193,Immanuel Quickley,2316240,SG,23,NYK,81,21,28.9,5.2,11.6,2.1,5.6,3.1,6,2.5,3.1,0.7,3.4,4.2,3.4,1,0.2,1.2,2,14.9
1629723,John Konchar,2300000,SF,26,MEM,72,23,20.8,1.9,4.4,0.8,2.5,1.1,2,0.4,0.5,0.9,3.4,4.3,1.4,1.1,0.3,0.5,1.6,5.1
203585,Rodney McGruder,2298385,SG,31,DET,32,12,16.4,1.9,4.8,1.3,3,0.7,1.7,0.6,0.7,0.6,1.7,2.3,0.9,0.5,0,0.3,1.2,5.7
1627854,Bryn Forbes,2298385,SG,29,MIN,25,0,10.7,1.2,3.3,0.6,1.8,0.6,1.5,0.6,0.6,0.2,0.4,0.6,0.7,0.3,0.1,0.5,0.9,3.6
1627745,Damian Jones,2298385,C,27,LAL/UTA,41,1,11.6,1.3,2.1,0.2,0.4,1.1,1.7,0.5,0.7,1,2,3,0.4,0.2,0.5,0.6,1.3,3.5
1629656,Quentin Grimes,2277000,SG,22,NYK,71,66,29.9,4,8.5,2.2,5.7,1.8,2.7,1.1,1.4,0.7,2.5,3.2,2.1,0.7,0.4,1,2.5,11.3
1630240,Saben Lee,2266640,PG,23,PHI/PHO,25,1,14.9,2,4.8,0.4,1.2,1.5,3.6,1.7,2.3,0.5,1.3,1.8,2.7,0.8,0,1,1.3,6
1629614,Andrew Nembhard,2244111,SG,23,IND,75,63,27.6,3.8,8.6,1.2,3.5,2.6,5.1,0.7,0.8,0.5,2.2,2.7,4.5,0.9,0.2,1.7,2.4,9.5
1630202,Payton Pritchard,2239200,PG,25,BOS,48,3,13.4,2.1,5.1,1.2,3.2,0.9,1.9,0.3,0.3,0.5,1.3,1.8,1.3,0.3,0,0.8,0.8,5.6
1630538,Bones Hyland,2201520,PG,22,DEN/LAC,56,1,19.4,4.1,10.2,2.1,5.6,2,4.6,1.5,1.8,0.4,2.1,2.4,3.1,0.7,0.3,1.5,1.7,11.8
1629626,Bol Bol,2200000,PF,23,ORL,70,33,21.5,3.7,6.8,0.4,1.6,3.3,5.2,1.2,1.5,1,4.8,5.8,1,0.4,1.2,1.6,1.3,9.1
1631212,Peyton Watson,2193960,SG,20,DEN,23,2,8.1,1.3,2.6,0.3,0.6,1,2,0.5,0.9,0.3,1.3,1.6,0.5,0.1,0.5,0.3,0.6,3.3
1628962,Udoka Azubuike,2174880,C,23,UTA,36,4,10,1.6,2,0,0,1.6,2,0.2,0.6,0.9,2.4,3.3,0.3,0.2,0.4,0.5,0.9,3.5
1630183,Jaden McDaniels,2161440,SF,22,MIN,79,79,30.6,4.7,9.1,1.4,3.4,3.3,5.7,1.3,1.8,1.2,2.7,3.9,1.9,0.9,1,1.4,3.4,12.1
1629162,Jordan McLaughlin,2160000,PG,26,MIN,43,0,15.8,1.4,3.4,0.6,1.8,0.9,1.6,0.3,0.4,0.3,1.1,1.4,3.4,0.7,0.1,0.8,0.7,3.7
1630201,Malachi Flynn,2145720,PG,24,TOR,53,2,13,1.6,4.6,0.9,2.5,0.8,2.1,0.5,0.6,0.3,1.2,1.4,1.3,0.4,0.1,0.5,1.2,4.6
1630560,Cam Thomas,2138160,SG,21,BRK,57,4,16.6,3.5,8,0.9,2.3,2.6,5.7,2.6,3.1,0.1,1.5,1.7,1.4,0.4,0.1,1.1,1,10.6
1628436,Luke Kornet,2133278,C,27,BOS,69,0,11.7,1.6,2.5,0,0.2,1.6,2.3,0.5,0.6,1.2,1.6,2.9,0.8,0.2,0.7,0.4,1.2,3.8
1627814,Damion Lee,2133278,SG,30,PHO,74,5,20.4,2.7,6.1,1.5,3.3,1.2,2.8,1.3,1.4,0.5,2.5,3,1.3,0.4,0.1,1.1,1.6,8.2
1629308,Juan Toscano-Anderson,2133278,SF,29,LAL/UTA,52,9,13.5,1.2,2.8,0.2,0.8,1.1,1.9,0.4,0.5,0.5,1.8,2.4,1.3,0.3,0.2,0.7,1.5,3
1630217,Desmond Bane,2130240,SG,24,MEM,58,58,31.7,7.8,16.2,2.9,7,4.9,9.2,3.1,3.5,0.7,4.3,5,4.4,1,0.4,2.2,2.6,21.5
1630531,Jaden Springer,2125200,SG,20,PHI,16,2,5.6,1.1,2.2,0.1,0.3,0.9,1.9,0.4,0.5,0.4,0.5,0.9,0.5,0.4,0.2,0.2,0.9,2.6
1630549,Day'Ron Sharpe,2109480,C,21,BRK,48,3,11.5,1.9,3.6,0.1,0.2,1.8,3.3,0.7,1.1,2.1,2.1,4.2,0.8,0.3,0.7,0.9,1.9,4.7
1628396,Tony Bradley,2036318,C,25,CHI,12,0,2.8,0.5,1,0.3,0.4,0.3,0.6,0.3,0.3,0.1,0.8,0.9,0.1,0.1,0.1,0.1,0.2,1.6
1628373,Frank Ntilikina,2036318,SG,24,DAL,47,5,12.9,1,2.8,0.4,1.4,0.7,1.4,0.5,0.7,0.1,1.2,1.3,1.2,0.3,0.1,0.6,1.4,2.9
1629726,Garrison Mathews,2000000,SG,26,HOU/ATL,54,0,12.7,1.4,3.7,1.2,3.3,0.2,0.4,0.9,1,0.2,1.1,1.4,0.5,0.4,0.1,0.4,1.1,4.8
1631119,Jaylin Williams,2000000,C,20,OKC,49,36,18.7,2.1,4.8,0.9,2.3,1.1,2.5,0.8,1.1,0.9,4,4.9,1.6,0.6,0.2,0.8,2.3,5.9
1630526,Jeremiah Robinson-Earl,2000000,PF,22,OKC,43,20,18.9,2.6,5.8,0.9,2.6,1.7,3.2,0.8,1,1.7,2.5,4.2,1,0.6,0.3,0.4,1.7,6.8
1629026,Kenrich Williams,2000000,PF,28,OKC,53,10,22.8,3.4,6.5,0.9,2.5,2.4,4,0.3,0.7,1.8,3.1,4.9,2,0.8,0.3,0.6,2.1,8
1631216,Caleb Houstan,2000000,SF,20,ORL,51,4,15.9,1.3,3.6,0.9,2.7,0.4,0.9,0.3,0.4,0.7,1.3,1.9,0.6,0.2,0.1,0.4,1.2,3.8
1629003,Shake Milton,1997718,SG,26,PHI,76,11,20.6,3.2,6.6,0.7,1.9,2.4,4.7,1.3,1.5,0.5,2,2.5,3.2,0.3,0.2,1.2,1.6,8.4
1628988,Aaron Holiday,1968175,PG,26,ATL,63,6,13.4,1.5,3.5,0.6,1.4,0.9,2.1,0.4,0.5,0.4,0.8,1.2,1.4,0.6,0.2,0.6,1.3,3.9
1629139,Yuta Watanabe,1968175,SF,28,BRK,58,1,16,2,4,1,2.3,0.9,1.7,0.6,0.8,0.5,1.9,2.4,0.8,0.4,0.3,0.4,1.4,5.6
1628410,Edmond Sumner,1968175,SG,27,BRK,53,12,13.9,2.3,5.1,0.6,1.6,1.8,3.4,1.9,2,0.2,1.2,1.5,1.3,0.6,0.2,0.9,1.6,7.1
1629033,Theo Pinson,1968175,SG,27,DAL,40,1,8.1,0.8,2.2,0.6,1.6,0.2,0.6,0.3,0.3,0.3,1.3,1.6,1.2,0.2,0,0.3,0.9,2.4
1628418,Thomas Bryant,1968175,C,25,DEN/LAL,59,26,18.3,3.9,6.3,0.4,1,3.5,5.3,1.6,2.1,1.5,4.3,5.7,0.5,0.3,0.5,0.6,1.7,9.8
1629006,Josh Okogie,1968175,SG,24,PHO,72,26,18.8,2.3,5.8,0.9,2.7,1.3,3,1.9,2.7,1.5,2,3.5,1.5,0.8,0.5,0.9,1.6,7.3
1629234,Drew Eubanks,1968175,C,25,POR,78,28,20.3,2.7,4.3,0.1,0.2,2.7,4.1,1.1,1.6,1.7,3.7,5.4,1.3,0.5,1.3,0.9,2.2,6.6
1629731,Dean Wade,1930681,PF,26,CLE,44,13,20.3,1.7,4,1,2.9,0.6,1.1,0.3,0.5,0.5,3,3.4,0.8,0.6,0.5,0.4,2,4.7
1629611,Terance Mann,1930681,SG,26,LAC,81,36,23.1,3.4,6.5,1,2.4,2.4,4,1.1,1.5,1,2.5,3.4,2.3,0.5,0.3,1,1.8,8.8
1629669,Jaylen Nowell,1930681,SG,23,MIN,65,2,19.3,4.3,9.6,1,3.6,3.3,6,1.2,1.5,0.6,2.1,2.6,2,0.6,0.1,1,1.6,10.8
1629675,Naz Reid,1930681,C,23,MIN,68,11,18.4,4.6,8.5,1.1,3.2,3.5,5.3,1.3,1.9,1.1,3.8,4.9,1.1,0.6,0.8,1.4,2.6,11.5
1629667,Jalen McDaniels,1930681,SF,25,PHI/CHO,80,24,23.9,3.5,7.7,1,2.9,2.6,4.8,1.5,1.7,0.8,3.5,4.3,1.6,1,0.4,1.2,2.6,9.4
1629655,Daniel Gafford,1930681,C,24,WAS,78,47,20.6,3.7,5.1,0,0,3.7,5.1,1.6,2.4,2.1,3.5,5.6,1.1,0.4,1.3,1.1,2.4,9
1629002,Chimezie Metu,1910860,PF,25,SAC,66,0,10.4,2,3.3,0.1,0.6,1.8,2.7,0.8,1.1,0.7,2.3,3,0.6,0.3,0.3,0.5,1.2,4.9
1628432,Davon Reed,1902133,SG,27,DEN/LAL,43,1,8,0.7,2,0.4,1.1,0.3,0.9,0.4,0.6,0.2,1.1,1.4,0.5,0.3,0.1,0.5,0.9,2.1
1629644,KZ Okpala,1902133,PF,23,SAC,35,3,7.1,0.5,1.1,0.2,0.6,0.3,0.5,0.2,0.2,0.2,0.8,1,0.4,0.2,0.2,0.2,1.1,1.3
1629117,Wenyen Gabriel,1878720,C,25,LAL,68,2,15.1,2.3,3.8,0.1,0.5,2.1,3.3,0.8,1.2,1.7,2.5,4.2,0.5,0.4,0.5,0.7,2.1,5.5
203648,Thanasis Antetokounmpo,1878720,PF,30,MIL,37,0,5.6,0.5,1.2,0,0.2,0.5,1,0.3,0.6,0.4,0.8,1.2,0.4,0.1,0.1,0.3,0.6,1.4
1629021,Moritz Wagner,1878720,C,25,ORL,57,18,19.5,3.5,6.9,0.9,2.9,2.6,4.1,2.7,3.2,1.2,3.3,4.5,1.5,0.6,0.2,1.2,2.4,10.5
1628966,Keita Bates-Diop,1878720,PF,27,SAS,67,42,21.7,3.5,6.9,0.8,2.1,2.7,4.8,1.8,2.2,1,2.7,3.7,1.5,0.7,0.3,0.8,0.9,9.7
1629052,Oshae Brissett,1846738,PF,24,IND,65,2,16.7,1.9,4.9,0.7,2.4,1.2,2.5,1.6,2.2,1,2.4,3.4,0.7,0.5,0.2,0.5,1.2,6.1
1630233,Nathan Knight,1836090,C,25,MIN,38,0,7.7,1.2,2.1,0.2,0.6,1,1.6,1,1.5,0.6,0.9,1.5,0.3,0.3,0.2,0.6,1.1,3.7
1628382,Justin Jackson,1836090,SF,27,BOS,23,0,4.7,0.3,1.2,0.2,0.9,0.1,0.3,0,0.1,0.1,0.7,0.7,0.4,0.2,0.2,0.1,0.3,0.9
1630198,Isaiah Joe,1836090,SG,23,OKC,73,10,19.1,3.1,7,2.2,5.4,0.9,1.6,1.1,1.4,0.4,2,2.4,1.2,0.7,0.1,0.5,1.4,9.5
1627853,Ryan Arcidiacono,1836090,PG,28,NYK/POR,20,4,8.6,0.5,1.9,0.4,1.2,0.1,0.7,0,0,0,0.8,0.8,1.2,0.3,0,0.4,0.9,1.3
1630264,Anthony Gill,1836090,PF,30,WAS,59,8,10.6,1.2,2.2,0.1,0.5,1.1,1.7,0.8,1.1,0.6,1.1,1.7,0.6,0.1,0.2,0.3,1.2,3.3
1629750,Javonte Green,1815677,SF,29,CHI,32,1,15,1.9,3.4,0.4,1.1,1.5,2.3,0.9,1.4,0.8,1.9,2.8,0.7,0.8,0.7,0.6,1.6,5.2
1629216,Gabe Vincent,1815677,PG,26,MIA,68,34,25.9,3.4,8.3,1.7,5.1,1.6,3.2,1,1.1,0.4,1.7,2.1,2.5,0.9,0.1,1.4,2.3,9.4
1629622,Max Strus,1815677,SF,26,MIA,80,33,28.4,4.1,9.9,2.5,7,1.6,2.8,1,1.1,0.6,2.6,3.2,2.1,0.5,0.2,0.9,2.1,11.5
1630208,Nick Richards,1782621,C,25,CHO,65,9,18.7,3,4.8,0,0,3,4.8,2.1,2.8,2.3,4.1,6.4,0.6,0.2,1.1,0.9,2.4,8.2
1630205,Lamar Stevens,1782621,SF,25,CLE,62,25,18.1,2.1,4.6,0.5,1.5,1.6,3.1,0.6,0.9,0.8,2.6,3.3,0.5,0.4,0.3,0.4,1.3,5.3
1630230,Naji Marshall,1782621,SF,25,NOP,77,21,23.3,3.2,7.4,0.9,2.8,2.4,4.6,1.8,2.3,0.6,3,3.6,2.5,0.7,0.2,1.3,1.5,9.1
1630194,Paul Reed,1782621,C,23,PHI,69,2,10.9,1.8,3,0,0.1,1.8,2.9,0.6,0.7,1.6,2.2,3.8,0.4,0.7,0.7,0.7,1.8,4.2
1630200,Tre Jones,1782621,PG,23,SAS,68,65,29.2,5,10.9,0.7,2.3,4.4,8.6,2.2,2.5,0.8,2.8,3.6,6.6,1.3,0.1,1.6,1.4,12.9
1629312,Haywood Highsmith,1752638,PF,26,MIA,54,11,17.9,1.7,4,0.7,2,1,2,0.2,0.5,1.1,2.4,3.5,0.8,0.7,0.3,0.8,1.5,4.4
1630209,Omer Yurtseven,1752638,C,24,MIA,9,0,9.2,1.8,3,0.3,0.8,1.4,2.2,0.6,0.7,0.9,1.7,2.6,0.2,0.2,0.2,0.4,1.8,4.4
1630195,Leandro Bolmaro,1709300,SF,22,UTA,14,0,4.9,0.2,1.4,0,0.3,0.2,1.1,0,0,0.3,0.2,0.5,0.5,0.2,0.1,0.5,0.7,0.4
1630678,Terry Taylor,1703902,PF,23,CHI/IND,31,2,8.5,1.3,2.4,0.2,0.6,1.1,1.8,0.2,0.4,0.9,0.6,1.5,0.3,0.1,0.2,0.3,0.8,2.9
1630215,Jared Butler,1674655,PG,22,OKC,6,1,12.8,2.5,5.3,1.2,2.3,1.3,3,0,0,0.2,0.5,0.7,1.3,0.8,0,0.8,0.8,6.2
1630579,Jericho Sims,1639842,C,24,NYK,52,16,15.6,1.6,2.1,0,0,1.6,2,0.2,0.3,1.9,2.8,4.7,0.5,0.3,0.5,0.5,1.8,3.4
1630573,Sam Hauser,1637966,SF,25,BOS,80,8,16.1,2.3,5,1.8,4.2,0.5,0.8,0.2,0.2,0.4,2.1,2.6,0.9,0.4,0.3,0.4,1.2,6.4
1630556,Kessler Edwards,1637966,SF,22,BRK/SAC,36,4,10.7,1,2.6,0.5,1.5,0.5,1.1,0.3,0.4,0.6,1.1,1.7,0.6,0.4,0.2,0.4,1.1,2.8
1630225,Isaiah Todd,1575000,PF,21,WAS,6,1,10.2,0.5,3.2,0.2,1.7,0.3,1.5,0.3,0.3,0.3,1.7,2,0.7,0.2,0,0.3,0.7,1.5
1630249,Vit Krejci,1563518,PG,22,ATL,29,0,5.7,0.5,1.3,0.2,0.7,0.3,0.6,0,0.1,0.2,0.7,0.9,0.6,0.2,0,0.2,0.6,1.2
1630550,JT Thor,1563518,PF,20,CHO,69,8,14,1.4,3.4,0.6,1.8,0.8,1.7,0.5,0.7,0.5,1.7,2.2,0.5,0.3,0.3,0.6,1,3.8
1630250,Marko Simonovic,1563518,C,23,CHI,7,0,2.9,0.3,1,0.1,0.6,0.1,0.4,0.1,0.3,0.1,0.1,0.3,0,0,0,0,0.7,0.9
1630245,Ayo Dosunmu,1563518,SG,23,CHI,80,51,26.2,3.5,7.1,0.7,2.4,2.8,4.8,0.8,1,0.6,2.2,2.8,2.6,0.8,0.3,1.2,2.3,8.6
1630587,Isaiah Livers,1563518,PF,24,DET,52,22,23.1,2.3,5.5,1.4,3.9,0.9,1.6,0.6,0.8,0.5,2.2,2.8,0.8,0.5,0.5,0.6,2,6.7
1630227,Daishen Nix,1563518,PG,20,HOU,57,7,16,1.4,4.2,0.7,2.5,0.7,1.7,0.4,0.6,0.3,1.4,1.7,2.3,0.5,0.1,1.5,1,4
1630554,Jason Preston,1563518,PG,23,LAC,14,0,8.9,1.3,2.9,0.4,1.3,0.9,1.6,0,0.1,0.1,1.4,1.6,1.9,0.1,0,0.7,0.5,2.9
1630559,Austin Reaves,1563518,SG,24,LAL,64,22,28.8,4,7.7,1.3,3.4,2.7,4.3,3.6,4.1,0.5,2.5,3,3.4,0.5,0.3,1.5,1.7,13
1630631,Jose Alvarado,1563518,PG,24,NOP,61,10,21.5,3.3,8,1.4,4,1.9,4,1.1,1.3,0.5,1.9,2.3,3,1.1,0.2,1.3,2,9
1630540,Miles McBride,1563518,PG,22,NYK,64,2,11.9,1.2,3.4,0.6,2.1,0.6,1.3,0.4,0.7,0.2,0.6,0.8,1.1,0.6,0.1,0.4,0.9,3.5
1630598,Aaron Wiggins,1563518,SG,24,OKC,70,14,18.5,2.7,5.2,0.7,1.7,2,3.4,0.8,1,1,2,3,1.1,0.6,0.2,0.8,1.6,6.8
1629111,Jock Landale,1563518,C,27,PHO,69,4,14.2,2.6,4.9,0.3,1.2,2.3,3.7,1.1,1.5,1.7,2.3,4.1,1,0.2,0.4,0.9,1.8,6.6
1630570,Trendon Watford,1563518,PF,22,POR,62,12,19.1,2.9,5.2,0.4,1,2.5,4.2,1.2,1.6,0.7,3.2,3.8,2.1,0.5,0.2,1.1,1.9,7.4
1630625,Dalano Banton,1563518,PG,23,TOR,31,2,9,1.8,4.2,0.5,1.6,1.3,2.5,0.5,0.8,0.4,1.1,1.5,1.2,0.4,0.4,0.6,1.1,4.6
1631132,Christian Koloko,1500000,C,22,TOR,58,19,13.8,1.2,2.6,0,0.2,1.2,2.4,0.6,1,1.4,1.5,2.9,0.5,0.4,1,0.3,2.2,3.1
1631121,Bryce McGowens,1461055,SG,20,CHO,46,7,17.1,1.7,4.4,0.6,1.7,1.2,2.7,1.3,1.7,0.4,1.6,2,1.2,0.3,0.1,0.9,1,5.3
1630692,Jordan Goodwin,1280206,PG,24,WAS,62,7,17.8,2.5,5.7,0.6,1.9,1.9,3.8,0.9,1.1,0.9,2.4,3.3,2.7,0.9,0.4,0.9,1.5,6.6
1631113,Kennedy Chandler,1200000,PG,20,MEM,36,0,7.8,1,2.3,0.1,0.4,0.9,1.9,0.2,0.4,0.3,0.8,1.1,1.6,0.3,0.1,0.5,0.4,2.2
203943,Noah Vonleh,1160955,C,27,BOS,23,1,7.4,0.5,1,0,0.2,0.4,0.9,0.1,0.1,0.8,1.3,2.1,0.3,0.1,0.3,0.5,1.5,1.1
1630572,Sandro Mamukelashvili,1116112,C,23,SAS/MIL,43,7,15.3,2.3,5.3,0.7,2.3,1.6,3,0.9,1.3,1.6,2.7,4.3,1.4,0.3,0.3,0.8,1.2,6.1
1630241,Sam Merrill,1105522,SG,26,CLE,5,0,11.8,1.8,4.4,1,3.6,0.8,0.8,0.4,0.4,0,1.8,1.8,1,0.8,0,0,0.6,5
1631213,Tyrese Martin,1017781,SG,23,ATL,16,0,4.1,0.6,1.4,0.1,0.4,0.5,1,0.1,0.1,0.3,0.4,0.8,0.1,0.1,0,0.1,0.1,1.3
1630702,Jaden Hardy,1017781,SG,20,DAL,48,5,14.8,3,6.9,1.3,3.3,1.7,3.7,1.4,1.6,0.2,1.6,1.9,1.4,0.4,0.1,1,1.3,8.8
1631157,Ryan Rollins,1017781,PG,20,GSW,12,0,5.2,0.6,1.7,0.3,0.8,0.3,0.9,0.5,0.5,0.3,0.8,1,0.5,0.1,0.1,1.3,0.8,1.9
1631108,Max Christie,1017781,SG,19,LAL,41,3,12.5,1.1,2.6,0.6,1.5,0.4,1.1,0.3,0.4,0.2,1.7,1.8,0.5,0.2,0.2,0.3,0.8,3.1
1631169,Josh Minott,1017781,SF,20,MIN,15,0,6.4,1.2,2.4,0.1,0.4,1.1,2,0.5,0.5,0.3,1.3,1.7,0.3,0.3,0.4,0.2,0.7,3.1
1631133,Jabari Walker,1017781,SF,20,POR,56,0,11.1,1.5,3.5,0.3,1,1.2,2.5,0.6,0.8,0.9,1.5,2.3,0.6,0.2,0.2,0.5,1.2,3.9
1630647,Eugene Omoruyi,1013119,SF,25,DET/OKC,40,6,16.1,2.5,5.7,0.6,2.2,1.9,3.5,1.3,1.9,1.1,1.7,2.8,0.7,0.7,0.1,0.9,2.3,7
1627739,Kris Dunn,1000001,PG,28,UTA,22,3,25.8,5.3,9.8,0.8,1.6,4.5,8.2,1.9,2.4,0.4,4.1,4.5,5.6,1.1,0.5,1.6,2.6,13.2
1629678,Admiral Schofield,877940,PF,25,ORL,37,0,12.2,1.5,3.3,0.6,2,0.8,1.3,0.6,0.6,0.6,1.1,1.7,0.8,0.2,0.1,0.4,1.6,4.2
1630551,Justin Champagnie,853241,SF,21,BOS/TOR,5,0,6.8,1,3,0.2,1,0.8,2,0,0,0.6,1,1.6,0.8,0.2,0,0,0.4,2.2
1630243,Trevelin Queen,838891,SG,25,IND,7,0,10,1,4.1,0.3,2.1,0.7,2,0.7,0.7,1.1,1.3,2.4,0.9,0.3,0.7,1,0.6,3
1629650,Moses Brown,824041,C,23,BRK/LAC,36,1,8.2,1.7,2.7,0,0,1.7,2.7,0.9,2,1.6,2.3,3.9,0.1,0.1,0.4,0.4,1.1,4.3
1630346,Matt Ryan,806097,SF,25,LAL/MIN,34,0,9.1,1.2,3.2,0.9,2.5,0.2,0.7,0.3,0.4,0.1,0.6,0.8,0.5,0.1,0,0.2,0.8,3.6
1628408,P.J. Dozier,784654,SF,26,SAC,16,0,4.9,0.6,2.1,0.1,1,0.5,1.1,0,0,0.1,0.8,0.9,0.6,0.4,0.1,0.3,0.4,1.4
203469,Cody Zeller,743922,C,30,MIA,15,2,14.5,2.5,3.9,0,0.1,2.5,3.8,1.6,2.3,1.7,2.6,4.3,0.7,0.2,0.3,0.9,2.2,6.5
203086,Meyers Leonard,713558,C,30,MIL,9,2,12.7,1.6,3.2,0.8,2,0.8,1.2,0.9,1,1.3,2.4,3.8,0.1,0.2,0,0.7,1.8,4.8
1630237,Anthony Lamb,694878,SF,25,GSW,62,4,19.3,2.4,5.1,1.2,3.2,1.2,1.9,0.7,1,0.9,2.6,3.5,1.5,0.5,0.3,0.9,2.2,6.7
203487,Michael Carter-Williams,652829,PG,31,ORL,4,0,11,1.5,3.5,0.3,0.8,1.3,2.8,1,1.8,0.3,1,1.3,1.8,0.3,0.3,1,1.3,4.3
1630637,Carlik Jones,612162,PG,25,CHI,7,0,8,0.9,2.1,0.4,0.9,0.4,1.3,0.7,1.1,0.1,0.6,0.7,0.9,0.3,0,0.3,0.3,2.9
1631211,Trevor Keels,520589,SG,19,NYK,3,0,2.7,0.3,1.3,0.3,1.3,0,0,0,0,0,0.7,0.7,0,0,0,0,0,1
1631220,Dereon Seabron,511816,SG,22,NOP,5,0,2.4,0.4,1,0,0,0.4,1,0,0,0.2,0,0.2,0,0,0,0,0.2,0.8
1630235,Trent Forrest,508891,SG,24,ATL,23,3,12,1.1,2.6,0,0.1,1.1,2.5,0.1,0.1,0.2,1.4,1.6,1.7,0.3,0.1,0.7,0.7,2.3
1629662,Mfiondu Kabengele,508891,PF,25,BOS,4,0,9,0.5,1.8,0,0.8,0.5,1,0.5,0.5,1.3,1.3,2.5,0,0.5,0,0.3,0.8,1.5
1631120,JD Davison,508891,SG,20,BOS,12,0,5.5,0.7,1.6,0.2,0.6,0.5,1,0.1,0.2,0.2,0.6,0.8,0.9,0.2,0.2,0.3,0.4,1.6
1630792,Malcolm Hill,508891,SF,27,CHI,5,0,1.8,0.4,0.8,0.2,0.6,0.2,0.2,0,0,0,0.6,0.6,0,0,0,0,0.2,1
1629603,Mamadi Diakite,508891,C,26,CLE,22,2,8,1.1,2.3,0.3,1,0.8,1.3,0.1,0.1,0.4,1,1.4,0.4,0.2,0.4,0.5,1.2,2.6
1630600,Isaiah Mobley,508891,PF,23,CLE,12,0,7,1,2.3,0.3,0.7,0.8,1.7,0.3,0.3,0.3,1.3,1.7,0.3,0.3,0.3,0.1,0.7,2.6
1631298,Jack White,508891,SF,25,DEN,17,0,3.9,0.5,1.1,0.2,0.5,0.3,0.6,0.1,0.2,0.4,0.6,1,0.2,0.2,0.1,0.1,0.5,1.2
1631205,Buddy Boeheim,508891,SF,23,DET,10,0,9,0.5,2.7,0.4,2.5,0.1,0.2,0.2,0.2,0.2,0.4,0.6,0.4,0.2,0,0,0.6,1.6
1630620,Darius Days,508891,SF,23,HOU,4,0,6.3,1.3,3,0.8,2.5,0.5,0.5,0.5,0.5,0.3,1.3,1.5,0.3,0,0.3,0,0.5,3.8
1631309,Trevor Hudgins,508891,PG,23,HOU,5,0,5.6,0.4,1.8,0.4,1.6,0,0.2,0.6,0.6,0,0,0,0.6,0,0,0.2,0.2,1.8
1631112,Kendall Brown,508891,SG,19,IND,6,0,6.7,0.7,1.2,0,0.2,0.7,1,0.2,0.3,0.3,0.7,1,0.5,0.7,0,0.3,1.5,1.5
1631306,Cole Swider,508891,SF,23,LAL,7,0,5.9,0.4,1.3,0.4,1.1,0,0.1,0,0,0.1,0.9,1,0.6,0,0,0,0.4,1.3
1631288,Jamal Cain,508891,PF,23,MIA,18,0,13.3,2.1,3.7,0.4,1.1,1.7,2.6,0.9,1.2,0.8,2.1,2.9,0.7,0.6,0.1,0.3,1.2,5.4
1630568,Luka Garza,508891,C,24,MIN,28,0,8.7,2.3,4.1,0.5,1.4,1.8,2.8,1.5,1.9,1.2,1.1,2.3,0.6,0.1,0.1,0.5,1.5,6.5
1630284,Kevon Harris,508891,SG,25,ORL,34,0,13.4,1.4,3.1,0.5,1.3,0.9,1.9,0.9,1.2,0.8,1.2,2.1,0.5,0.5,0.1,0.6,1.6,4.1
1631165,Keon Ellis,508891,SG,23,SAC,16,0,4.4,0.4,1,0.4,0.8,0.1,0.3,0.3,0.4,0.3,0.3,0.5,0.4,0.3,0.1,0.1,0.6,1.5
1629674,Neemias Queta,508891,C,23,SAC,5,0,5.8,1.2,1.8,0,0,1.2,1.8,0,0.4,1,1.2,2.2,0.2,0,0.4,0.2,1.4,2.4
1631230,Dominick Barlow,508891,PF,19,SAS,28,0,14.6,1.6,3.1,0,0.1,1.6,2.9,0.6,0.9,1.6,2,3.6,0.9,0.4,0.7,0.5,2,3.9
1630577,Julian Champagnie,508891,SF,21,SAS/PHI,17,3,18.8,3.5,7.6,1.9,4.8,1.5,2.8,0.8,1,0.6,2.9,3.5,0.6,0.4,0.3,0.6,1.5,9.7
1630288,Jeff Dowtin,508891,PG,25,TOR,25,0,10.4,1,2.3,0.2,0.6,0.8,1.6,0.2,0.4,0.2,0.7,0.9,1.2,0.4,0.1,0.2,0.5,2.4
1630695,Micah Potter,508891,PF,24,UTA,7,0,7.4,1.4,2.1,0.6,1,0.9,1.1,0,0,0.4,1.9,2.3,0.6,0.1,0,0.3,0.7,3.4
1630548,Johnny Juzang,508891,SG,21,UTA,18,0,12.9,1.9,5.8,0.8,3.5,1.1,2.3,0.1,0.2,0.4,1.7,2.2,0.4,0.2,0.2,0.2,0.7,4.8
1631320,Chima Moneke,500000,SF,27,SAC,2,0,4,0.5,1,0,0,0.5,1,0,1,1,0,1,0.5,0,0,1,1,1
1630267,Facundo Campazzo,464299,PG,31,DAL,8,0,6.5,0.4,1.6,0.4,1.4,0,0.3,0.1,0.3,0,0.3,0.3,1.1,0.8,0,0.4,0.4,1.3
1631115,Orlando Robinson,386055,C,22,MIA,31,1,13.7,1.5,2.9,0,0.2,1.5,2.7,0.7,1,1.5,2.5,4.1,0.8,0.4,0.4,0.5,1.7,3.7
1630696,Dru Smith,374357,SG,25,BRK/MIA,15,1,10.5,1.2,3,0.3,1.3,0.9,1.7,0.2,0.2,0.1,1.5,1.6,1.5,0.7,0.3,0.2,1.5,2.9
1631197,Jared Rhoden,307089,SG,23,DET,14,0,14.1,1.2,3.1,0.4,1.4,0.9,1.7,0.4,0.4,0.8,1.9,2.6,0.3,0.3,0.1,0.2,1.6,3.2
1629663,Louis King,307089,PF,23,PHI,1,0,29,8,13,4,8,4,5,0,1,2,2,4,2,1,0,2,4,20
1629633,Jarrett Culver,260295,SF,23,ATL,10,1,13.7,1.7,4.3,0.1,1.2,1.6,3.1,0.9,1.3,1,2.8,3.8,0.6,0.6,0.2,0.7,1.4,4.4
1630846,Olivier Sarr,257371,C,23,OKC,9,1,12.7,1.7,3.3,0.1,0.9,1.6,2.4,0.6,0.8,1.3,2.1,3.4,0.4,0.1,0.6,0.4,1.9,4
1631214,Alondes Williams,254446,SG,23,BRK,1,0,5,0,0,0,0,0,0,0,0,0,1,1,0,0,0,2,1,0
1631245,Quenton Jackson,219630,PG,24,WAS,9,0,15,2.1,4.7,0.1,1.3,2,3.3,1.9,2.4,0.2,0.7,0.9,1.7,0.4,0.1,0.4,1.1,6.2
1629735,Chris Silva,211045,PF,26,DAL,1,0,3,1,1,0,0,1,1,0,0,0,0,0,0,0,0,1,2,2
1628416,Tyler Dorsey,201802,SF,26,DAL,3,0,2.7,1.3,1.7,0.3,0.7,1,1,0,0,0.3,0.3,0.7,0,0,0,0,0,3
1630296,Braxton Key,201802,SF,25,DET,3,0,3,0.3,0.3,0,0,0.3,0.3,0.7,0.7,0,0.3,0.3,0,0,0,0,0,1.3
1631160,Jordan Hall,193027,SF,21,SAS,9,0,9.2,1,3.1,0.3,1.7,0.7,1.4,0.8,1,0.3,1,1.3,1.2,0.1,0,0.8,0.7,3.1
1628993,Alize Johnson,192293,PF,26,SAS,4,0,7.5,0.8,1.5,0,0.5,0.8,1,0.3,0.5,0.5,2,2.5,0.3,0.3,0,1,0.8,1.8
1629653,Devon Dotson,169630,PG,23,WAS,6,0,8.8,0.2,1.7,0.2,0.7,0,1,0,0,1,0.7,1.7,1.3,0.8,0,0.5,1.5,0.5
1630644,Mac McClung,160856,SG,24,PHI,2,0,20.5,4.5,10,2,5.5,2.5,4.5,1.5,2.5,1.5,3.5,5,4.5,0,0,1.5,1.5,12.5
1627885,Shaquille Harrison,134862,SG,29,POR,5,0,24,3,7.2,0.6,2,2.4,5.2,2.2,3,0.2,4.2,4.4,6,2.2,0.4,1.2,2.4,8.8
1631311,Lester Quinones,129405,SG,22,GSW,4,0,4.5,0.5,1.3,0.5,1,0,0.3,1,1.5,0.3,0.5,0.8,0.5,0.3,0,1.3,0,2.5
1629875,Xavier Moon,116986,SG,28,LAC,4,0,5,0.8,2.3,0.3,0.8,0.5,1.5,0,0,0,0.8,0.8,1.3,0,0,0.3,0.5,1.8
1631123,Jamaree Bouyea,116986,PG,23,MIA/WAS,5,0,14.2,1.2,2.8,0.4,1.2,0.8,1.6,0.2,0.4,0.2,1,1.2,0.8,0.8,0.4,0.8,1.2,3
1630643,Jay Huff,116986,C,24,WAS,7,0,13.6,2.1,3.6,0.9,1.7,1.3,1.9,2.1,2.3,0.9,2.1,3,1.4,0.4,0.6,0.7,2.1,7.3
1630219,Skylar Mays,116574,PG,25,POR,6,6,31.5,5.7,11.3,2,4.3,3.7,7,2,2.2,0.3,2.8,3.2,8.3,1,0.2,1.7,1.8,15.3
1628402,Frank Jackson,113114,PG,24,UTA,1,0,5,0,3,0,1,0,2,0,0,1,1,2,1,0,0,0,0,0
1629126,Deonte Burton,105522,PF,29,SAC,2,0,3,0,1,0,0.5,0,0.5,0,0,0,0,0,0,0,0,0,0,0
1629714,Jarrell Brantley,105522,PF,26,UTA,4,0,9.8,2,3.5,1,2.3,1,1.3,0.5,0.5,0.3,1.3,1.5,0.8,0,0.5,0.5,0.8,5.5
1630270,Xavier Sneed,102910,SF,25,CHO,4,0,12,1.3,2.5,0.8,1.5,0.5,1,1,1,0,1.3,1.3,1.3,0,0.3,0.8,1.8,4.3
1629623,Lindell Wigginton,99438,PG,24,MIL,7,1,12.4,2.6,5.3,0.9,2.6,1.7,2.7,1.1,1.3,0,1,1,2,0,0.3,1.7,1,7.1
1630648,Jordan Schakel,96514,SF,24,WAS,2,0,3,0.5,1,0.5,0.5,0,0.5,0,0,0,0,0,0.5,0.5,0,0,0.5,1.5
1630649,Stanley Umude,58493,SG,23,DET,1,0,2,0,1,0,1,0,0,2,2,0,0,0,0,1,1,0,0,2
1631466,Jeenathan Williams,52644,SG,23,POR,5,4,25.4,4.8,7.8,0.6,1.6,4.2,6.2,0.4,0.6,2,1,3,2,0.6,0.4,0.8,2.6,10.6
1630206,Jay Scrubb,49719,SG,22,ORL,2,0,15,2.5,3.5,1,1,1.5,2.5,0.5,1,0,3,3,0.5,1,0,1.5,1,6.5
1628424,Kobi Simmons,32795,SG,25,CHO,5,0,5.6,0.2,1.2,0.2,1,0,0.2,0.4,0.4,0.2,0.6,0.8,1,0,0.4,0.2,0,1
1628221,Gabe York,32171,SG,29,IND,3,0,18.7,2.7,7,2,6,0.7,1,0.7,0.7,0,2,2,1.7,0.7,0,0,1.7,8
1630564,RaiQuan Gray,5849,PF,23,BRK,1,0,35,6,12,2,5,4,7,2,2,3,6,9,7,0,1,4,5,16
